Date,Process CPU usage,Process memory usage,Request count,Response time
2022-10-22 13:00,0.16,1.51,1.12e6,159
2022-10-22 14:00,0.16,1.51,1.13e6,126
2022-10-22 15:00,0.16,1.51,1.12e6,129
2022-10-22 16:00,0.16,1.51,1.12e6,121
2022-10-22 17:00,0.16,1.51,1.13e6,127
2022-10-22 18:00,0.16,1.51,1.12e6,126
2022-10-22 19:00,0.16,1.52,1.12e6,141
2022-10-22 20:00,0.16,1.52,1.12e6,129
2022-10-22 21:00,0.16,1.52,1.12e6,130
2022-10-22 22:00,0.16,1.52,1.13e6,126
2022-10-22 23:00,0.16,1.52,1.12e6,125
2022-10-23 00:00,0.16,1.52,1.12e6,124
2022-10-23 01:00,0.16,1.52,1.12e6,127
2022-10-23 02:00,0.16,1.52,1.12e6,166
2022-10-23 03:00,0.16,1.52,1.12e6,129
2022-10-23 04:00,0.16,1.52,1.12e6,139
2022-10-23 05:00,0.16,1.52,1.12e6,125
2022-10-23 06:00,0.16,1.52,1.12e6,125
2022-10-23 07:00,0.16,1.52,1.12e6,120
2022-10-23 08:00,0.16,1.52,1.13e6,134
2022-10-23 09:00,0.17,1.52,1.12e6,123
2022-10-23 10:00,0.16,1.52,1.12e6,129
2022-10-23 11:00,0.16,1.52,1.12e6,123
2022-10-23 12:00,0.17,1.52,1.15e6,127
2022-10-23 13:00,0.16,1.52,1.13e6,142
2022-10-23 14:00,0.17,1.52,1.13e6,318
2022-10-23 15:00,0.16,1.52,1.13e6,128
2022-10-23 16:00,0.17,1.52,1.13e6,124
2022-10-23 17:00,0.17,1.52,1.12e6,125
2022-10-23 18:00,0.16,1.52,1.13e6,123
2022-10-23 19:00,0.16,1.52,1.12e6,125
2022-10-23 20:00,0.16,1.52,1.13e6,123
2022-10-23 21:00,0.16,1.52,1.12e6,128
2022-10-23 22:00,0.16,1.52,1.12e6,126
2022-10-23 23:00,0.16,1.52,1.12e6,123
2022-10-24 00:00,0.16,1.53,1.12e6,130
2022-10-24 01:00,0.16,1.53,1.12e6,124
2022-10-24 02:00,0.16,1.53,1.12e6,136
2022-10-24 03:00,0.16,1.53,1.12e6,131
2022-10-24 04:00,0.16,1.53,1.13e6,137
2022-10-24 05:00,0.16,1.53,1.12e6,125
2022-10-24 06:00,0.16,1.53,1.13e6,123
2022-10-24 07:00,0.16,1.53,1.12e6,123
2022-10-24 08:00,0.16,1.53,1.13e6,123
2022-10-24 09:00,0.16,1.53,1.13e6,126
2022-10-24 10:00,0.16,1.53,1.13e6,124
2022-10-24 11:00,0.16,1.53,1.12e6,143
2022-10-24 12:00,0.16,1.53,1.13e6,145
2022-10-24 13:00,0.16,1.53,1.13e6,119
2022-10-24 14:00,0.16,1.53,1.13e6,153
2022-10-24 15:00,0.16,1.53,1.13e6,122
2022-10-24 16:00,0.16,1.53,1.13e6,124
2022-10-24 17:00,0.16,1.53,1.13e6,125
2022-10-24 18:00,0.16,1.53,1.13e6,129
2022-10-24 19:00,0.16,1.53,1.13e6,131
2022-10-24 20:00,0.16,1.53,1.13e6,120
2022-10-24 21:00,0.16,1.53,1.13e6,137
2022-10-24 22:00,0.16,1.53,1.13e6,123
2022-10-24 23:00,0.16,1.53,1.12e6,125
2022-10-25 00:00,0.16,1.53,1.12e6,122
2022-10-25 01:00,0.16,1.53,1.12e6,121
2022-10-25 02:00,0.16,1.53,1.13e6,127
2022-10-25 03:00,0.16,1.54,1.13e6,122
2022-10-25 04:00,0.16,1.54,1.13e6,126
2022-10-25 05:00,0.16,1.54,1.12e6,124
2022-10-25 06:00,0.16,1.54,1.13e6,136
2022-10-25 07:00,0.16,1.54,1.13e6,125
2022-10-25 08:00,0.17,1.54,1.13e6,125
2022-10-25 09:00,0.17,1.54,1.13e6,129
2022-10-25 10:00,0.16,1.54,1.13e6,126
2022-10-25 11:00,0.17,1.54,1.13e6,149
2022-10-25 12:00,0.17,1.54,1.13e6,130
2022-10-25 13:00,0.17,1.54,1.13e6,136
2022-10-25 14:00,0.16,1.54,1.13e6,128
2022-10-25 15:00,0.16,1.54,1.13e6,128
2022-10-25 16:00,0.16,1.54,1.13e6,122
2022-10-25 17:00,0.16,1.54,1.13e6,132
2022-10-25 18:00,0.16,1.54,1.13e6,133
2022-10-25 19:00,0.16,1.54,1.13e6,126
2022-10-25 20:00,0.16,1.54,1.13e6,127
2022-10-25 21:00,0.15,1.54,1.13e6,122
2022-10-25 22:00,0.16,1.54,1.13e6,123
2022-10-25 23:00,0.16,1.54,1.13e6,123
2022-10-26 00:00,0.16,1.54,1.13e6,119
2022-10-26 01:00,0.16,1.54,1.13e6,125
2022-10-26 02:00,0.16,1.54,1.13e6,125
2022-10-26 03:00,0.16,1.54,1.13e6,123
2022-10-26 04:00,0.16,1.54,1.13e6,128
2022-10-26 05:00,0.16,1.54,1.13e6,120
2022-10-26 06:00,0.16,1.55,1.13e6,124
2022-10-26 07:00,0.16,1.55,1.13e6,124
2022-10-26 08:00,0.16,1.55,1.13e6,124
2022-10-26 09:00,0.16,1.55,1.13e6,122
2022-10-26 10:00,0.16,1.55,1.13e6,127
2022-10-26 11:00,0.16,1.55,1.13e6,125
2022-10-26 12:00,0.16,1.55,1.13e6,125
2022-10-26 13:00,0.16,1.55,1.13e6,128
2022-10-26 14:00,0.16,1.55,1.13e6,136
2022-10-26 15:00,0.16,1.55,1.13e6,131
2022-10-26 16:00,0.16,1.55,1.13e6,129
2022-10-26 17:00,0.16,1.55,1.13e6,129
2022-10-26 18:00,0.16,1.55,1.13e6,127
2022-10-26 19:00,0.16,1.55,1.13e6,142
2022-10-26 20:00,0.16,1.55,1.13e6,126
2022-10-26 21:00,0.16,1.55,1.13e6,146
2022-10-26 22:00,0.16,1.55,1.13e6,124
2022-10-26 23:00,0.16,1.55,1.12e6,125
2022-10-27 00:00,0.16,1.55,1.13e6,125
2022-10-27 01:00,0.16,1.55,1.12e6,122
2022-10-27 02:00,0.16,1.55,1.13e6,125
2022-10-27 03:00,0.16,1.55,1.13e6,121
2022-10-27 04:00,0.16,1.55,1.13e6,141
2022-10-27 05:00,0.16,1.55,1.13e6,125
2022-10-27 06:00,0.16,1.55,1.13e6,123
2022-10-27 07:00,0.16,1.55,1.13e6,123
2022-10-27 08:00,0.16,1.55,1.13e6,129
2022-10-27 09:00,0.16,1.55,1.13e6,128
2022-10-27 10:00,0.16,1.55,1.13e6,130
2022-10-27 11:00,0.16,1.55,1.13e6,152
2022-10-27 12:00,0.16,1.55,1.13e6,125
2022-10-27 13:00,0.16,1.56,1.13e6,131
2022-10-27 14:00,0.16,1.56,1.13e6,130
2022-10-27 15:00,0.16,1.56,1.13e6,127
2022-10-27 16:00,0.16,1.56,1.13e6,124
2022-10-27 17:00,0.15,1.56,1.13e6,124
2022-10-27 18:00,0.16,1.56,1.15e6,173
2022-10-27 19:00,0.16,1.56,1.14e6,159
2022-10-27 20:00,0.16,1.56,1.14e6,126
2022-10-27 21:00,0.15,1.56,1.14e6,129
2022-10-27 22:00,0.15,1.56,1.14e6,173
2022-10-27 23:00,0.15,1.56,1.14e6,124
2022-10-28 00:00,0.15,1.56,1.14e6,124
2022-10-28 01:00,0.15,1.56,1.14e6,135
2022-10-28 02:00,0.15,1.56,1.14e6,166
2022-10-28 03:00,0.15,1.56,1.14e6,120
2022-10-28 04:00,0.15,1.56,1.14e6,126
2022-10-28 05:00,0.16,1.56,1.14e6,128
2022-10-28 06:00,0.16,1.56,1.15e6,148
2022-10-28 07:00,0.16,1.56,1.14e6,125
2022-10-28 08:00,0.16,1.56,1.14e6,126
2022-10-28 09:00,0.16,1.56,1.14e6,153
2022-10-28 10:00,0.16,1.56,1.15e6,126
2022-10-28 11:00,0.15,1.56,1.15e6,127
2022-10-28 12:00,0.16,1.56,1.15e6,128
2022-10-28 13:00,0.16,1.56,1.15e6,129
2022-10-28 14:00,0.16,1.56,1.16e6,142
2022-10-28 15:00,0.16,1.56,1.16e6,129
2022-10-28 16:00,0.15,1.57,1.14e6,130
2022-10-28 17:00,0.15,1.57,1.13e6,160
2022-10-28 18:00,0.15,1.57,1.13e6,124
2022-10-28 19:00,0.15,1.57,1.13e6,149
2022-10-28 20:00,0.16,1.57,1.13e6,130
2022-10-28 21:00,0.16,1.57,1.13e6,151
2022-10-28 22:00,0.16,1.57,1.13e6,124
2022-10-28 23:00,0.16,1.57,1.12e6,124
2022-10-29 00:00,0.15,1.57,1.13e6,129
2022-10-29 01:00,0.15,1.57,1.12e6,133
2022-10-29 02:00,0.15,1.57,1.13e6,126
2022-10-29 03:00,0.15,1.57,1.12e6,126
2022-10-29 04:00,0.15,1.57,1.12e6,129
2022-10-29 05:00,0.15,1.57,1.12e6,129
2022-10-29 06:00,0.15,1.57,1.13e6,128
2022-10-29 07:00,0.15,1.57,1.13e6,145
2022-10-29 08:00,0.15,1.57,1.13e6,155
2022-10-29 09:00,0.14,1.57,1.13e6,134
2022-10-29 10:00,0.15,1.57,1.13e6,135
2022-10-29 11:00,0.15,1.57,1.13e6,130
2022-10-29 12:00,0.15,1.57,1.13e6,145
2022-10-29 13:00,0.15,1.57,1.13e6,138
2022-10-29 14:00,0.15,1.58,1.15e6,149
2022-10-29 15:00,0.15,1.58,1.13e6,151
2022-10-29 16:00,0.15,1.58,1.13e6,150
2022-10-29 17:00,0.15,1.58,1.13e6,143
2022-10-29 18:00,0.15,1.58,1.13e6,129
2022-10-29 19:00,0.15,1.58,1.13e6,128
2022-10-29 20:00,0.15,1.58,1.13e6,151
2022-10-29 21:00,0.16,1.58,1.13e6,149
2022-10-29 22:00,0.15,1.58,1.13e6,152
2022-10-29 23:00,0.16,1.58,1.13e6,146
2022-10-30 00:00,0.16,1.58,1.13e6,132
2022-10-30 01:00,0.15,1.58,1.13e6,137
2022-10-30 02:00,0.15,1.58,1.13e6,140
2022-10-30 03:00,0.15,1.58,1.13e6,159
2022-10-30 04:00,0.15,1.58,1.13e6,136
2022-10-30 05:00,0.15,1.58,1.12e6,140
2022-10-30 06:00,0.15,1.58,1.13e6,139
2022-10-30 07:00,0.15,1.58,1.13e6,138
2022-10-30 08:00,0.15,1.58,1.13e6,132
2022-10-30 09:00,0.16,1.58,1.13e6,135
2022-10-30 10:00,0.15,1.58,1.13e6,144
2022-10-30 11:00,0.16,1.58,1.13e6,152
2022-10-30 12:00,0.16,1.58,1.13e6,131
2022-10-30 13:00,0.16,1.58,1.13e6,132
2022-10-30 14:00,0.15,1.58,1.13e6,133
2022-10-30 15:00,0.15,1.58,1.13e6,134
2022-10-30 16:00,0.16,1.59,1.13e6,144
2022-10-30 17:00,0.15,1.59,1.13e6,160
2022-10-30 18:00,0.16,1.59,1.14e6,139
2022-10-30 19:00,0.16,1.59,1.14e6,143
2022-10-30 20:00,0.15,1.59,1.14e6,150
2022-10-30 21:00,0.15,1.59,1.14e6,159
2022-10-30 22:00,0.15,1.59,1.13e6,130
2022-10-30 23:00,0.15,1.59,1.13e6,143
2022-10-31 00:00,0.15,1.59,1.13e6,149
2022-10-31 01:00,0.15,1.59,1.12e6,160
2022-10-31 02:00,0.15,1.59,1.13e6,143
2022-10-31 03:00,0.15,1.59,1.13e6,141
2022-10-31 04:00,0.15,1.59,1.13e6,145
2022-10-31 05:00,0.15,1.59,1.13e6,153
2022-10-31 06:00,0.16,1.59,1.13e6,153
2022-10-31 07:00,0.15,1.59,1.13e6,150
2022-10-31 08:00,0.15,1.59,1.13e6,167
2022-10-31 09:00,0.15,1.59,1.13e6,137
2022-10-31 10:00,0.15,1.59,1.13e6,171
2022-10-31 11:00,0.15,1.59,1.14e6,134
2022-10-31 12:00,0.15,1.59,1.13e6,128
2022-10-31 13:00,0.15,1.59,1.13e6,136
2022-10-31 14:00,0.15,1.59,1.13e6,142
2022-10-31 15:00,0.15,1.60,1.13e6,134
2022-10-31 16:00,0.15,1.60,1.13e6,139
2022-10-31 17:00,0.15,1.60,1.13e6,140
2022-10-31 18:00,0.15,1.60,1.13e6,134
2022-10-31 19:00,0.15,1.60,1.13e6,135
2022-10-31 20:00,0.15,1.60,1.13e6,133
2022-10-31 21:00,0.15,1.60,1.13e6,134
2022-10-31 22:00,0.15,1.60,1.13e6,127
2022-10-31 23:00,0.15,1.60,1.13e6,145
2022-11-01 00:00,0.15,1.60,1.13e6,135
2022-11-01 01:00,0.15,1.60,1.13e6,141
2022-11-01 02:00,0.16,1.60,1.13e6,142
2022-11-01 03:00,0.16,1.60,1.13e6,137
2022-11-01 04:00,0.16,1.60,1.13e6,135
2022-11-01 05:00,0.15,1.60,1.13e6,135
2022-11-01 06:00,0.15,1.60,1.13e6,138
2022-11-01 07:00,0.15,1.60,1.13e6,151
2022-11-01 08:00,0.15,1.60,1.13e6,167
2022-11-01 09:00,0.15,1.60,1.13e6,142
2022-11-01 10:00,0.15,1.60,1.14e6,150
2022-11-01 11:00,0.15,1.60,1.13e6,134
2022-11-01 12:00,0.15,1.60,1.14e6,143
2022-11-01 13:00,0.15,1.60,1.16e6,148
2022-11-01 14:00,0.15,1.60,1.15e6,149
2022-11-01 15:00,0.15,1.60,1.14e6,134
2022-11-01 16:00,0.15,1.60,1.14e6,141
2022-11-01 17:00,0.15,1.60,1.13e6,138
2022-11-01 18:00,0.18,1.56,1.16e6,135
2022-11-01 19:00,0.18,1.52,1.21e6,130
2022-11-01 20:00,0.16,1.50,1.23e6,126
2022-11-01 21:00,0.16,1.50,1.23e6,124
2022-11-01 22:00,0.16,1.51,1.23e6,126
2022-11-01 23:00,0.16,1.51,1.23e6,129
2022-11-02 00:00,0.16,1.51,1.27e6,124
2022-11-02 01:00,0.16,1.51,1.23e6,128
2022-11-02 02:00,0.16,1.51,1.23e6,126
2022-11-02 03:00,0.16,1.51,1.23e6,133
2022-11-02 04:00,0.16,1.51,1.23e6,126
2022-11-02 05:00,0.16,1.51,1.23e6,135
2022-11-02 06:00,0.16,1.51,1.23e6,132
2022-11-02 07:00,0.16,1.51,1.23e6,138
2022-11-02 08:00,0.16,1.51,1.23e6,157
2022-11-02 09:00,0.16,1.52,1.23e6,126
2022-11-02 10:00,0.16,1.52,1.23e6,124
2022-11-02 11:00,0.16,1.52,1.23e6,124
2022-11-02 12:00,0.19,1.47,1.23e6,134
2022-11-02 13:00,0.22,1.33,1.25e6,122
2022-11-02 14:00,0.17,1.32,1.26e6,121
2022-11-02 15:00,0.17,1.33,1.26e6,127
2022-11-02 16:00,0.17,1.34,1.26e6,119
2022-11-02 17:00,0.17,1.34,1.25e6,121
2022-11-02 18:00,0.17,1.34,1.26e6,129
2022-11-02 19:00,0.17,1.34,1.25e6,118
2022-11-02 20:00,0.17,1.34,1.25e6,122
2022-11-02 21:00,0.17,1.35,1.25e6,119
2022-11-02 22:00,0.16,1.35,1.26e6,116
2022-11-02 23:00,0.16,1.35,1.25e6,119
2022-11-03 00:00,0.16,1.35,1.25e6,118
2022-11-03 01:00,0.16,1.36,1.25e6,120
2022-11-03 02:00,0.16,1.36,1.25e6,130
2022-11-03 03:00,0.16,1.36,1.26e6,132
2022-11-03 04:00,0.18,1.36,1.25e6,118
2022-11-03 05:00,0.17,1.36,1.25e6,120
2022-11-03 06:00,0.17,1.37,1.25e6,118
2022-11-03 07:00,0.17,1.37,1.26e6,120
2022-11-03 08:00,0.17,1.37,1.25e6,127
2022-11-03 09:00,0.16,1.37,1.26e6,124
2022-11-03 10:00,0.17,1.37,1.26e6,119
2022-11-03 11:00,0.13,1.37,896e3,143
2022-11-03 12:00,0.08,1.37,428e3,116
2022-11-03 13:00,0.07,1.38,398e3,93.1
2022-11-03 14:00,0.09,1.39,572e3,315
2022-11-03 15:00,0.24,1.46,1.53e6,2.81e3
2022-11-03 16:00,0.16,1.48,1.07e6,112
2022-11-03 17:00,0.16,1.48,1.1e6,112
2022-11-03 18:00,0.16,1.48,1.15e6,113
2022-11-03 19:00,0.16,1.48,1.15e6,107
2022-11-03 20:00,0.16,1.48,1.15e6,108
2022-11-03 21:00,0.16,1.49,1.15e6,109
2022-11-03 22:00,0.16,1.49,1.14e6,107
2022-11-03 23:00,0.16,1.49,1.15e6,108
2022-11-04 00:00,0.16,1.49,1.15e6,107
2022-11-04 01:00,0.16,1.49,1.13e6,128
2022-11-04 02:00,0.16,1.49,1.13e6,106
2022-11-04 03:00,0.16,1.49,1.12e6,114
2022-11-04 04:00,0.16,1.49,1.13e6,109
2022-11-04 05:00,0.16,1.49,1.13e6,108
2022-11-04 06:00,0.16,1.49,1.14e6,113
2022-11-04 07:00,0.16,1.49,1.15e6,110
2022-11-04 08:00,0.16,1.49,1.14e6,108
2022-11-04 09:00,0.16,1.49,1.15e6,114
2022-11-04 10:00,0.16,1.49,1.15e6,109
2022-11-04 11:00,0.16,1.50,1.15e6,112
2022-11-04 12:00,0.16,1.50,1.15e6,129
2022-11-04 13:00,0.16,1.50,1.15e6,126
2022-11-04 14:00,0.16,1.50,1.17e6,133
2022-11-04 15:00,0.16,1.50,1.16e6,109
2022-11-04 16:00,0.17,1.50,1.25e6,115
2022-11-04 17:00,0.17,1.50,1.25e6,116
2022-11-04 18:00,0.16,1.50,1.15e6,121
2022-11-04 19:00,0.16,1.50,1.16e6,107
2022-11-04 20:00,0.16,1.50,1.15e6,107
2022-11-04 21:00,0.16,1.50,1.15e6,117
2022-11-04 22:00,0.16,1.50,1.15e6,111
2022-11-04 23:00,0.16,1.50,1.15e6,107
2022-11-05 00:00,0.16,1.50,1.15e6,109
2022-11-05 01:00,0.16,1.50,1.13e6,109
2022-11-05 02:00,0.16,1.50,1.14e6,107
2022-11-05 03:00,0.16,1.50,1.13e6,104
2022-11-05 04:00,0.16,1.50,1.12e6,105
2022-11-05 05:00,0.16,1.50,1.13e6,103
2022-11-05 06:00,0.16,1.50,1.13e6,107
2022-11-05 07:00,0.16,1.50,1.13e6,104
2022-11-05 08:00,0.16,1.50,1.12e6,105
2022-11-05 09:00,0.16,1.51,1.12e6,129
2022-11-05 10:00,0.16,1.51,1.13e6,107
2022-11-05 11:00,0.16,1.51,1.13e6,105
2022-11-05 12:00,0.16,1.51,1.14e6,115
2022-11-05 13:00,0.16,1.51,1.15e6,107
2022-11-05 14:00,0.16,1.51,1.15e6,112
2022-11-05 15:00,0.16,1.51,1.15e6,108
2022-11-05 16:00,0.16,1.51,1.15e6,107
2022-11-05 17:00,0.16,1.51,1.15e6,112
2022-11-05 18:00,0.16,1.51,1.15e6,106
2022-11-05 19:00,0.16,1.51,1.15e6,108
2022-11-05 20:00,0.16,1.51,1.15e6,121
2022-11-05 21:00,0.16,1.51,1.14e6,112
2022-11-05 22:00,0.16,1.51,1.15e6,108
2022-11-05 23:00,0.15,1.51,1.04e6,106
2022-11-06 00:00,0.10,1.51,641e3,91.2
2022-11-06 01:00,0.10,1.51,614e3,86
2022-11-06 02:00,0.10,1.51,581e3,88.6
2022-11-06 03:00,0.09,1.51,567e3,82.3
2022-11-06 04:00,0.14,1.51,1.02e6,104
2022-11-06 05:00,0.15,1.51,1.12e6,106
2022-11-06 06:00,0.15,1.51,1.13e6,111
2022-11-06 07:00,0.15,1.51,1.13e6,105
2022-11-06 08:00,0.15,1.51,1.12e6,109
2022-11-06 09:00,0.15,1.51,1.13e6,103
2022-11-06 10:00,0.16,1.51,1.13e6,123
2022-11-06 11:00,0.15,1.52,1.12e6,132
2022-11-06 12:00,0.16,1.52,1.14e6,111
2022-11-06 13:00,0.16,1.52,1.15e6,114
2022-11-06 14:00,0.16,1.52,1.15e6,109
2022-11-06 15:00,0.16,1.52,1.12e6,105
2022-11-06 16:00,0.16,1.52,1.15e6,108
2022-11-06 17:00,0.15,1.52,1.08e6,116
2022-11-06 18:00,0.16,1.52,1.15e6,106
2022-11-06 19:00,0.16,1.52,1.15e6,106
2022-11-06 20:00,0.16,1.52,1.15e6,109
2022-11-06 21:00,0.16,1.52,1.15e6,112
2022-11-06 22:00,0.16,1.52,1.15e6,108
2022-11-06 23:00,0.16,1.52,1.15e6,105
2022-11-07 00:00,0.16,1.52,1.15e6,109
2022-11-07 01:00,0.16,1.52,1.15e6,111
2022-11-07 02:00,0.16,1.52,1.13e6,110
2022-11-07 03:00,0.12,1.52,825e3,98.9
2022-11-07 04:00,0.16,1.52,1.13e6,109
2022-11-07 05:00,0.15,1.52,1.04e6,110
2022-11-07 06:00,0.16,1.51,1.16e6,112
2022-11-07 07:00,0.17,1.52,1.26e6,116
2022-11-07 08:00,0.17,1.52,1.26e6,121
2022-11-07 09:00,0.17,1.52,1.26e6,126
2022-11-07 10:00,0.17,1.52,1.26e6,120
2022-11-07 11:00,0.17,1.52,1.26e6,118
2022-11-07 12:00,0.17,1.52,1.26e6,145
2022-11-07 13:00,0.17,1.52,1.26e6,141
2022-11-07 14:00,0.17,1.52,1.26e6,115
2022-11-07 15:00,0.17,1.52,1.26e6,130
2022-11-07 16:00,0.18,1.52,1.3e6,134
2022-11-07 17:00,0.18,1.52,1.28e6,124
2022-11-07 18:00,0.17,1.52,1.26e6,118
2022-11-07 19:00,0.18,1.52,1.26e6,117
2022-11-07 20:00,0.17,1.52,1.26e6,114
2022-11-07 21:00,0.17,1.52,1.26e6,119
2022-11-07 22:00,0.17,1.52,1.26e6,119
2022-11-07 23:00,0.17,1.52,1.25e6,115
2022-11-08 00:00,0.17,1.52,1.25e6,122
2022-11-08 01:00,0.17,1.53,1.25e6,121
2022-11-08 02:00,0.17,1.53,1.26e6,149
2022-11-08 03:00,0.17,1.53,1.26e6,115
2022-11-08 04:00,0.17,1.53,1.25e6,120
2022-11-08 05:00,0.17,1.53,1.26e6,146
2022-11-08 06:00,0.17,1.53,1.26e6,124
2022-11-08 07:00,0.17,1.53,1.26e6,134
2022-11-08 08:00,0.17,1.53,1.26e6,128
2022-11-08 09:00,0.17,1.53,1.26e6,121
2022-11-08 10:00,0.18,1.53,1.26e6,122
2022-11-08 11:00,0.17,1.53,1.26e6,117
2022-11-08 12:00,0.17,1.53,1.26e6,119
2022-11-08 13:00,0.18,1.53,1.26e6,144
2022-11-08 14:00,0.18,1.53,1.26e6,121
2022-11-08 15:00,0.18,1.53,1.26e6,120
2022-11-08 16:00,0.18,1.53,1.26e6,121
2022-11-08 17:00,0.17,1.53,1.26e6,116
2022-11-08 18:00,0.18,1.53,1.26e6,119
2022-11-08 19:00,0.17,1.53,1.26e6,126
2022-11-08 20:00,0.18,1.53,1.26e6,142
2022-11-08 21:00,0.18,1.53,1.26e6,141
2022-11-08 22:00,0.17,1.53,1.26e6,120
2022-11-08 23:00,0.17,1.53,1.26e6,115
2022-11-09 00:00,0.17,1.53,1.26e6,132
2022-11-09 01:00,0.17,1.53,1.26e6,119
2022-11-09 02:00,0.17,1.53,1.26e6,117
2022-11-09 03:00,0.17,1.53,1.26e6,118
2022-11-09 04:00,0.17,1.53,1.26e6,118
2022-11-09 05:00,0.17,1.53,1.26e6,118
2022-11-09 06:00,0.17,1.53,1.26e6,117
2022-11-09 07:00,0.17,1.53,1.26e6,118
2022-11-09 08:00,0.18,1.53,1.26e6,119
2022-11-09 09:00,0.18,1.53,1.26e6,122
2022-11-09 10:00,0.18,1.53,1.27e6,147
2022-11-09 11:00,0.18,1.53,1.26e6,120
2022-11-09 12:00,0.18,1.53,1.26e6,121
2022-11-09 13:00,0.18,1.53,1.26e6,124
2022-11-09 14:00,0.18,1.53,1.27e6,124
2022-11-09 15:00,0.18,1.53,1.27e6,123
2022-11-09 16:00,0.18,1.53,1.26e6,121
2022-11-09 17:00,0.18,1.53,1.26e6,134
2022-11-09 18:00,0.18,1.53,1.29e6,780
2022-11-09 19:00,0.17,1.54,1.25e6,126
2022-11-09 20:00,0.17,1.53,1.27e6,142
2022-11-09 21:00,0.17,1.53,1.26e6,117
2022-11-09 22:00,0.17,1.53,1.26e6,121
2022-11-09 23:00,0.17,1.53,1.27e6,135
2022-11-10 00:00,0.17,1.53,1.26e6,124
2022-11-10 01:00,0.17,1.53,1.26e6,120
2022-11-10 02:00,0.17,1.52,1.26e6,123
2022-11-10 03:00,0.17,1.52,1.26e6,124
2022-11-10 04:00,0.17,1.52,1.26e6,117
2022-11-10 05:00,0.17,1.52,1.26e6,126
2022-11-10 06:00,0.17,1.52,1.27e6,120
2022-11-10 07:00,0.18,1.53,1.26e6,118
2022-11-10 08:00,0.17,1.53,1.26e6,117
2022-11-10 09:00,0.17,1.53,1.26e6,124
2022-11-10 10:00,0.41,1.36,1.55e6,3.76e3
2022-11-10 11:00,0.43,1.46,2.01e6,5.08e3
2022-11-10 12:00,0.48,1.49,1.85e6,4.96e3
2022-11-10 13:00,0.51,1.50,1.92e6,5.07e3
2022-11-10 14:00,0.53,1.50,2.01e6,4.43e3
2022-11-10 15:00,0.50,1.52,2.03e6,4.43e3
2022-11-10 16:00,0.51,1.54,1.99e6,4.66e3
2022-11-10 17:00,0.50,1.53,2.12e6,4.75e3
2022-11-10 18:00,0.10,1.43,2.27e6,3.02e3
2022-11-10 19:00,0.18,1.44,2.26e6,2.97e3
2022-11-10 20:00,0.34,1.45,2.27e6,2.74e3
2022-11-10 21:00,0.36,1.45,2.29e6,2.62e3
2022-11-10 22:00,0.36,1.45,2.3e6,2.62e3
2022-11-10 23:00,0.35,1.45,2.3e6,2.61e3
2022-11-11 00:00,0.35,1.45,2.29e6,2.6e3
2022-11-11 01:00,0.35,1.45,2.31e6,2.61e3
2022-11-11 02:00,0.36,1.45,2.31e6,2.55e3
2022-11-11 03:00,0.34,1.46,2.27e6,3.03e3
2022-11-11 04:00,0.36,1.46,2.29e6,2.86e3
2022-11-11 05:00,0.34,1.46,2.29e6,2.99e3
2022-11-11 06:00,0.36,1.46,2.3e6,2.84e3
2022-11-11 07:00,0.37,1.47,2.29e6,2.83e3
2022-11-11 08:00,0.35,1.47,2.28e6,2.81e3
2022-11-11 09:00,0.41,1.47,2.27e6,2.78e3
2022-11-11 10:00,0.36,1.48,2.28e6,2.84e3
2022-11-11 11:00,0.38,1.48,2.3e6,2.61e3
2022-11-11 12:00,0.37,1.48,2.32e6,2.68e3
2022-11-11 13:00,0.35,1.48,2.29e6,2.94e3
2022-11-11 14:00,0.64,1.33,2.34e6,3.38e3
2022-11-11 15:00,0.29,1.40,1.84e6,1.21e3
2022-11-11 16:00,0.21,1.40,1.31e6,182
2022-11-11 17:00,0.21,1.41,1.31e6,164
2022-11-11 18:00,0.21,1.41,1.31e6,168
2022-11-11 19:00,0.21,1.41,1.31e6,182
2022-11-11 20:00,0.21,1.41,1.31e6,232
2022-11-11 21:00,0.21,1.42,1.3e6,184
2022-11-11 22:00,0.21,1.42,1.31e6,160
2022-11-11 23:00,0.21,1.42,1.3e6,150
2022-11-12 00:00,0.21,1.42,1.3e6,150
2022-11-12 01:00,0.21,1.42,1.3e6,172
2022-11-12 02:00,0.21,1.43,1.3e6,195
2022-11-12 03:00,0.21,1.43,1.3e6,162
2022-11-12 04:00,0.21,1.43,1.3e6,142
2022-11-12 05:00,0.21,1.43,1.3e6,158
2022-11-12 06:00,0.21,1.44,1.31e6,146
2022-11-12 07:00,0.21,1.44,1.3e6,151
2022-11-12 08:00,0.21,1.44,1.31e6,167
2022-11-12 09:00,0.21,1.44,1.3e6,191
2022-11-12 10:00,0.21,1.45,1.31e6,157
2022-11-12 11:00,0.21,1.45,1.3e6,161
2022-11-12 12:00,0.21,1.45,1.31e6,163
2022-11-12 13:00,0.21,1.46,1.31e6,158
2022-11-12 14:00,0.21,1.46,1.31e6,176
2022-11-12 15:00,0.21,1.46,1.31e6,170
2022-11-12 16:00,0.21,1.46,1.31e6,160
2022-11-12 17:00,0.21,1.47,1.3e6,159
2022-11-12 18:00,0.21,1.47,1.31e6,194
2022-11-12 19:00,0.21,1.47,1.31e6,152
2022-11-12 20:00,0.21,1.47,1.3e6,183
2022-11-12 21:00,0.21,1.48,1.3e6,159
2022-11-12 22:00,0.21,1.48,1.3e6,155
2022-11-12 23:00,0.21,1.48,1.3e6,155
2022-11-13 00:00,0.21,1.48,1.3e6,157
2022-11-13 01:00,0.21,1.48,1.3e6,158
2022-11-13 02:00,0.21,1.49,1.3e6,157
2022-11-13 03:00,0.21,1.49,1.3e6,165
2022-11-13 04:00,0.21,1.49,1.3e6,157
2022-11-13 05:00,0.22,1.49,1.3e6,155
2022-11-13 06:00,0.21,1.48,1.3e6,174
2022-11-13 07:00,0.21,1.49,1.3e6,159
2022-11-13 08:00,0.21,1.49,1.3e6,179
2022-11-13 09:00,0.21,1.49,1.3e6,185
2022-11-13 10:00,0.21,1.49,1.3e6,164
2022-11-13 11:00,0.20,1.50,1.3e6,152
2022-11-13 12:00,0.21,1.50,1.3e6,158
2022-11-13 13:00,0.20,1.50,1.3e6,153
2022-11-13 14:00,0.21,1.50,1.3e6,158
2022-11-13 15:00,0.20,1.50,1.3e6,145
2022-11-13 16:00,0.20,1.51,1.3e6,191
2022-11-13 17:00,0.20,1.51,1.3e6,150
2022-11-13 18:00,0.20,1.51,1.3e6,152
2022-11-13 19:00,0.20,1.51,1.3e6,140
2022-11-13 20:00,0.21,1.51,1.3e6,156
2022-11-13 21:00,0.21,1.52,1.3e6,157
2022-11-13 22:00,0.21,1.52,1.3e6,173
2022-11-13 23:00,0.21,1.52,1.3e6,159
2022-11-14 00:00,0.21,1.52,1.3e6,150
2022-11-14 01:00,0.21,1.52,1.3e6,149
2022-11-14 02:00,0.21,1.53,1.3e6,161
2022-11-14 03:00,0.21,1.53,1.3e6,164
2022-11-14 04:00,0.21,1.53,1.3e6,156
2022-11-14 05:00,0.21,1.53,1.3e6,197
2022-11-14 06:00,0.21,1.53,1.3e6,169
2022-11-14 07:00,0.21,1.53,1.3e6,149
2022-11-14 08:00,0.21,1.54,1.3e6,158
2022-11-14 09:00,0.21,1.54,1.3e6,154
2022-11-14 10:00,0.21,1.54,1.3e6,215
2022-11-14 11:00,0.21,1.54,1.3e6,173
2022-11-14 12:00,0.21,1.54,1.3e6,173
2022-11-14 13:00,0.21,1.54,1.3e6,210
2022-11-14 14:00,0.21,1.54,1.31e6,176
2022-11-14 15:00,0.21,1.55,1.3e6,167
2022-11-14 16:00,0.21,1.55,1.3e6,194
2022-11-14 17:00,0.21,1.55,1.3e6,161
2022-11-14 18:00,0.21,1.55,1.31e6,198
2022-11-14 19:00,0.21,1.55,1.3e6,180
2022-11-14 20:00,0.21,1.55,1.3e6,174
2022-11-14 21:00,0.20,1.55,1.3e6,162
2022-11-14 22:00,0.21,1.56,1.3e6,154
2022-11-14 23:00,0.20,1.56,1.3e6,150
2022-11-15 00:00,0.20,1.56,1.3e6,153
2022-11-15 01:00,0.21,1.56,1.3e6,157
2022-11-15 02:00,0.21,1.56,1.3e6,233
2022-11-15 03:00,0.21,1.56,1.3e6,170
2022-11-15 04:00,0.21,1.56,1.3e6,172
2022-11-15 05:00,0.21,1.57,1.3e6,267
2022-11-15 06:00,0.21,1.57,1.3e6,207
2022-11-15 07:00,0.21,1.57,1.3e6,175
2022-11-15 08:00,0.21,1.57,1.31e6,158
2022-11-15 09:00,0.21,1.57,1.3e6,230
2022-11-15 10:00,0.21,1.57,1.31e6,253
2022-11-15 11:00,0.21,1.57,1.3e6,246
2022-11-15 12:00,0.21,1.57,1.31e6,296
2022-11-15 13:00,0.21,1.58,1.31e6,195
2022-11-15 14:00,0.21,1.58,1.31e6,207
2022-11-15 15:00,0.21,1.58,1.3e6,182
2022-11-15 16:00,0.21,1.58,1.31e6,188
2022-11-15 17:00,0.21,1.58,1.3e6,214
2022-11-15 18:00,0.21,1.58,1.31e6,223
2022-11-15 19:00,0.21,1.58,1.31e6,175
2022-11-15 20:00,0.21,1.58,1.31e6,157
2022-11-15 21:00,0.21,1.58,1.3e6,182
2022-11-15 22:00,0.21,1.58,1.31e6,177
2022-11-15 23:00,0.21,1.58,1.3e6,167
2022-11-16 00:00,0.21,1.58,1.31e6,199
2022-11-16 01:00,0.21,1.58,1.3e6,207
2022-11-16 02:00,0.21,1.59,1.3e6,225
2022-11-16 03:00,0.21,1.59,1.3e6,265
2022-11-16 04:00,0.21,1.59,1.3e6,286
2022-11-16 05:00,0.21,1.59,1.31e6,314
2022-11-16 06:00,0.21,1.59,1.31e6,234
2022-11-16 07:00,0.21,1.59,1.31e6,263
2022-11-16 08:00,0.21,1.59,1.31e6,177
2022-11-16 09:00,0.21,1.59,1.31e6,216
2022-11-16 10:00,0.21,1.59,1.31e6,191
2022-11-16 11:00,0.21,1.59,1.31e6,195
2022-11-16 12:00,0.21,1.59,1.31e6,258
2022-11-16 13:00,0.21,1.60,1.31e6,275
2022-11-16 14:00,0.21,1.60,1.31e6,211
2022-11-16 15:00,0.21,1.60,1.31e6,223
2022-11-16 16:00,0.21,1.60,1.31e6,271
2022-11-16 17:00,0.21,1.60,1.31e6,216
2022-11-16 18:00,0.21,1.60,1.32e6,176
2022-11-16 19:00,0.21,1.60,1.31e6,201
2022-11-16 20:00,0.21,1.60,1.31e6,189
2022-11-16 21:00,0.21,1.60,1.31e6,203
2022-11-16 22:00,0.21,1.61,1.31e6,189
2022-11-16 23:00,0.21,1.61,1.31e6,168
2022-11-17 00:00,0.21,1.61,1.32e6,185
2022-11-17 01:00,0.21,1.61,1.31e6,170
2022-11-17 02:00,0.21,1.61,1.31e6,226
2022-11-17 03:00,0.21,1.61,1.31e6,242
2022-11-17 04:00,0.21,1.61,1.31e6,171
2022-11-17 05:00,0.22,1.60,1.31e6,165
2022-11-17 06:00,0.22,1.59,1.31e6,186
2022-11-17 07:00,0.22,1.60,1.31e6,215
2022-11-17 08:00,0.21,1.60,1.31e6,160
2022-11-17 09:00,0.21,1.60,1.31e6,179
2022-11-17 10:00,0.21,1.60,1.31e6,162
2022-11-17 11:00,0.21,1.60,1.31e6,174
2022-11-17 12:00,0.22,1.60,1.31e6,189
2022-11-17 13:00,0.22,1.60,1.31e6,215
2022-11-17 14:00,0.22,1.61,1.31e6,171
2022-11-17 15:00,0.21,1.61,1.32e6,171
2022-11-17 16:00,0.21,1.61,1.31e6,185
2022-11-17 17:00,0.21,1.61,1.31e6,214
2022-11-17 18:00,0.21,1.61,1.31e6,166
2022-11-17 19:00,0.21,1.61,1.31e6,173
2022-11-17 20:00,0.21,1.61,1.31e6,180
2022-11-17 21:00,0.21,1.61,1.31e6,170
2022-11-17 22:00,0.21,1.61,1.31e6,153
2022-11-17 23:00,0.21,1.61,1.31e6,156
2022-11-18 00:00,0.21,1.61,1.31e6,174
2022-11-18 01:00,0.21,1.61,1.31e6,154
2022-11-18 02:00,0.21,1.61,1.31e6,202
2022-11-18 03:00,0.21,1.61,1.31e6,178
2022-11-18 04:00,0.20,1.61,1.28e6,190
2022-11-18 05:00,0.20,1.62,1.3e6,176
2022-11-18 06:00,0.20,1.62,1.31e6,168
2022-11-18 07:00,0.20,1.62,1.31e6,161
2022-11-18 08:00,0.20,1.62,1.31e6,171
2022-11-18 09:00,0.20,1.62,1.31e6,180
2022-11-18 10:00,0.21,1.62,1.31e6,183
2022-11-18 11:00,0.21,1.62,1.31e6,173
2022-11-18 12:00,0.21,1.62,1.31e6,160
2022-11-18 13:00,0.21,1.62,1.31e6,213
2022-11-18 14:00,0.21,1.62,1.31e6,166
2022-11-18 15:00,0.21,1.62,1.31e6,158
2022-11-18 16:00,0.21,1.62,1.31e6,168
2022-11-18 17:00,0.20,1.62,1.31e6,156
2022-11-18 18:00,0.21,1.62,1.31e6,165
2022-11-18 19:00,0.21,1.62,1.31e6,155
2022-11-18 20:00,0.20,1.62,1.31e6,176
2022-11-18 21:00,0.21,1.63,1.31e6,153
2022-11-18 22:00,0.21,1.63,1.31e6,150
2022-11-18 23:00,0.21,1.63,1.31e6,162
2022-11-19 00:00,0.21,1.63,1.31e6,154
2022-11-19 01:00,0.20,1.63,1.3e6,162
2022-11-19 02:00,0.21,1.63,1.31e6,219
2022-11-19 03:00,0.20,1.63,1.3e6,200
2022-11-19 04:00,0.21,1.63,1.3e6,150
2022-11-19 05:00,0.21,1.63,1.31e6,179
2022-11-19 06:00,0.20,1.64,1.31e6,153
2022-11-19 07:00,0.20,1.64,1.3e6,155
2022-11-19 08:00,0.20,1.64,1.3e6,152
2022-11-19 09:00,0.20,1.64,1.3e6,193
2022-11-19 10:00,0.21,1.64,1.31e6,153
2022-11-19 11:00,0.20,1.64,1.31e6,162
2022-11-19 12:00,0.20,1.64,1.31e6,176
2022-11-19 13:00,0.21,1.64,1.31e6,198
2022-11-19 14:00,0.21,1.64,1.31e6,172
2022-11-19 15:00,0.20,1.64,1.31e6,185
2022-11-19 16:00,0.21,1.64,1.31e6,197
2022-11-19 17:00,0.20,1.64,1.31e6,163
2022-11-19 18:00,0.20,1.64,1.31e6,160
2022-11-19 19:00,0.20,1.65,1.31e6,161
2022-11-19 20:00,0.20,1.65,1.31e6,168
2022-11-19 21:00,0.20,1.65,1.3e6,158
2022-11-19 22:00,0.20,1.65,1.31e6,164
2022-11-19 23:00,0.20,1.65,1.3e6,154
2022-11-20 00:00,0.20,1.65,1.31e6,177
2022-11-20 01:00,0.20,1.65,1.31e6,152
2022-11-20 02:00,0.20,1.65,1.31e6,191
2022-11-20 03:00,0.20,1.65,1.3e6,157
2022-11-20 04:00,0.20,1.65,1.3e6,157
2022-11-20 05:00,0.20,1.65,1.3e6,174
2022-11-20 06:00,0.20,1.65,1.31e6,169
2022-11-20 07:00,0.20,1.65,1.31e6,159
2022-11-20 08:00,0.20,1.65,1.31e6,218
2022-11-20 09:00,0.20,1.65,1.31e6,195
2022-11-20 10:00,0.20,1.65,1.31e6,169
2022-11-20 11:00,0.20,1.65,1.31e6,198
2022-11-20 12:00,0.21,1.66,1.31e6,194
2022-11-20 13:00,0.20,1.66,1.31e6,195
2022-11-20 14:00,0.20,1.66,1.31e6,173
2022-11-20 15:00,0.20,1.66,1.31e6,168
2022-11-20 16:00,0.20,1.66,1.31e6,166
2022-11-20 17:00,0.20,1.66,1.31e6,161
2022-11-20 18:00,0.20,1.66,1.31e6,161
2022-11-20 19:00,0.20,1.66,1.31e6,157
2022-11-20 20:00,0.20,1.66,1.31e6,182
2022-11-20 21:00,0.20,1.66,1.31e6,188
2022-11-20 22:00,0.20,1.66,1.31e6,211
2022-11-20 23:00,0.20,1.66,1.31e6,184
2022-11-21 00:00,0.21,1.66,1.3e6,344
2022-11-21 01:00,0.20,1.66,1.3e6,160
2022-11-21 02:00,0.20,1.66,1.31e6,260
2022-11-21 03:00,0.21,1.67,1.31e6,345
2022-11-21 04:00,0.21,1.67,1.31e6,327
2022-11-21 05:00,0.21,1.67,1.31e6,445
2022-11-21 06:00,0.21,1.67,1.31e6,311
2022-11-21 07:00,0.21,1.67,1.31e6,318
2022-11-21 08:00,0.21,1.67,1.31e6,339
2022-11-21 09:00,0.21,1.67,1.31e6,382
2022-11-21 10:00,0.21,1.67,1.31e6,315
2022-11-21 11:00,0.21,1.67,1.31e6,347
2022-11-21 12:00,0.21,1.68,1.31e6,239
2022-11-21 13:00,0.21,1.68,1.31e6,376
2022-11-21 14:00,0.21,1.68,1.31e6,276
2022-11-21 15:00,0.21,1.68,1.31e6,427
2022-11-21 16:00,0.20,1.68,1.31e6,286
2022-11-21 17:00,0.20,1.68,1.31e6,366
2022-11-21 18:00,0.21,1.68,1.31e6,326
2022-11-21 19:00,0.20,1.68,1.3e6,390
2022-11-21 20:00,0.20,1.68,1.3e6,319
2022-11-21 21:00,0.20,1.68,1.3e6,413
2022-11-21 22:00,0.20,1.68,1.3e6,419
2022-11-21 23:00,0.20,1.68,1.3e6,357
2022-11-22 00:00,0.20,1.68,1.3e6,360
2022-11-22 01:00,0.20,1.69,1.3e6,302
2022-11-22 02:00,0.20,1.69,1.3e6,316
2022-11-22 03:00,0.20,1.69,1.3e6,410
2022-11-22 04:00,0.20,1.69,1.3e6,297
2022-11-22 05:00,0.20,1.69,1.3e6,375
2022-11-22 06:00,0.20,1.69,1.3e6,330
2022-11-22 07:00,0.20,1.69,1.3e6,383
2022-11-22 08:00,0.20,1.69,1.3e6,264
2022-11-22 09:00,0.20,1.69,1.31e6,201
2022-11-22 10:00,0.20,1.69,1.31e6,188
2022-11-22 11:00,0.21,1.69,1.31e6,477
2022-11-22 12:00,0.21,1.69,1.31e6,406
2022-11-22 13:00,0.21,1.69,1.31e6,434
2022-11-22 14:00,0.21,1.69,1.31e6,308
2022-11-22 15:00,0.21,1.69,1.31e6,304
2022-11-22 16:00,0.21,1.70,1.31e6,358
2022-11-22 17:00,0.20,1.70,1.31e6,263
2022-11-22 18:00,0.20,1.70,1.31e6,338
2022-11-22 19:00,0.20,1.70,1.31e6,239
2022-11-22 20:00,0.20,1.70,1.31e6,252
2022-11-22 21:00,0.20,1.70,1.31e6,200
2022-11-22 22:00,0.20,1.70,1.34e6,196
2022-11-22 23:00,0.20,1.70,1.31e6,164
2022-11-23 00:00,0.20,1.70,1.31e6,176
2022-11-23 01:00,0.20,1.70,1.31e6,161
2022-11-23 02:00,0.20,1.70,1.31e6,167
2022-11-23 03:00,0.20,1.70,1.31e6,189
2022-11-23 04:00,0.20,1.70,1.31e6,166
2022-11-23 05:00,0.20,1.70,1.32e6,192
2022-11-23 06:00,0.20,1.70,1.31e6,163
2022-11-23 07:00,0.20,1.70,1.31e6,163
2022-11-23 08:00,0.20,1.70,1.31e6,160
2022-11-23 09:00,0.20,1.70,1.31e6,197
2022-11-23 10:00,0.21,1.70,1.32e6,169
2022-11-23 11:00,0.20,1.70,1.32e6,170
2022-11-23 12:00,0.21,1.70,1.32e6,167
2022-11-23 13:00,0.21,1.70,1.32e6,158
2022-11-23 14:00,0.21,1.70,1.32e6,185
2022-11-23 15:00,0.20,1.71,1.31e6,186
2022-11-23 16:00,0.20,1.71,1.32e6,187
2022-11-23 17:00,0.20,1.71,1.32e6,155
2022-11-23 18:00,0.20,1.71,1.32e6,183
2022-11-23 19:00,0.20,1.71,1.32e6,174
2022-11-23 20:00,0.21,1.71,1.31e6,165
2022-11-23 21:00,0.20,1.71,1.31e6,164
2022-11-23 22:00,0.20,1.71,1.32e6,184
2022-11-23 23:00,0.20,1.71,1.31e6,166
2022-11-24 00:00,0.20,1.71,1.32e6,169
2022-11-24 01:00,0.20,1.71,1.31e6,151
2022-11-24 02:00,0.20,1.71,1.31e6,208
2022-11-24 03:00,0.20,1.71,1.31e6,169
2022-11-24 04:00,0.20,1.71,1.31e6,162
2022-11-24 05:00,0.20,1.70,1.31e6,168
2022-11-24 06:00,0.20,1.70,1.32e6,191
2022-11-24 07:00,0.20,1.70,1.32e6,167
2022-11-24 08:00,0.20,1.70,1.32e6,153
2022-11-24 09:00,0.20,1.70,1.32e6,167
2022-11-24 10:00,0.20,1.70,1.32e6,162
2022-11-24 11:00,0.20,1.70,1.32e6,170
2022-11-24 12:00,0.21,1.70,1.32e6,174
2022-11-24 13:00,0.21,1.70,1.32e6,194
2022-11-24 14:00,0.21,1.70,1.32e6,173
2022-11-24 15:00,0.21,1.70,1.32e6,172
2022-11-24 16:00,0.21,1.70,1.32e6,174
2022-11-24 17:00,0.21,1.70,1.31e6,168
2022-11-24 18:00,0.20,1.70,1.32e6,165
2022-11-24 19:00,0.20,1.70,1.31e6,200
2022-11-24 20:00,0.21,1.70,1.32e6,198
2022-11-24 21:00,0.20,1.71,1.31e6,164
2022-11-24 22:00,0.20,1.71,1.32e6,174
2022-11-24 23:00,0.20,1.71,1.31e6,188
2022-11-25 00:00,0.20,1.71,1.31e6,160
2022-11-25 01:00,0.20,1.71,1.31e6,176
2022-11-25 02:00,0.21,1.71,1.32e6,217
2022-11-25 03:00,0.20,1.71,1.31e6,170
2022-11-25 04:00,0.20,1.71,1.31e6,167
2022-11-25 05:00,0.20,1.71,1.32e6,161
2022-11-25 06:00,0.20,1.71,1.32e6,168
2022-11-25 07:00,0.20,1.71,1.32e6,162
2022-11-25 08:00,0.20,1.71,1.31e6,165
2022-11-25 09:00,0.20,1.71,1.31e6,161
2022-11-25 10:00,0.20,1.71,1.32e6,186
2022-11-25 11:00,0.21,1.71,1.32e6,215
2022-11-25 12:00,0.21,1.71,1.32e6,179
2022-11-25 13:00,0.21,1.71,1.32e6,181
2022-11-25 14:00,0.21,1.71,1.32e6,183
2022-11-25 15:00,0.21,1.71,1.32e6,160
2022-11-25 16:00,0.21,1.71,1.32e6,166
2022-11-25 17:00,0.20,1.71,1.32e6,157
2022-11-25 18:00,0.21,1.71,1.32e6,165
2022-11-25 19:00,0.21,1.71,1.32e6,166
2022-11-25 20:00,0.20,1.71,1.31e6,156
2022-11-25 21:00,0.20,1.71,1.31e6,160
2022-11-25 22:00,0.20,1.71,1.32e6,160
2022-11-25 23:00,0.20,1.71,1.31e6,153
2022-11-26 00:00,0.20,1.71,1.31e6,157
2022-11-26 01:00,0.20,1.71,1.31e6,180
2022-11-26 02:00,0.20,1.71,1.31e6,163
2022-11-26 03:00,0.20,1.72,1.31e6,193
2022-11-26 04:00,0.20,1.72,1.31e6,189
2022-11-26 05:00,0.21,1.71,1.31e6,168
2022-11-26 06:00,0.21,1.69,1.31e6,175
2022-11-26 07:00,0.20,1.69,1.31e6,157
2022-11-26 08:00,0.20,1.69,1.31e6,157
2022-11-26 09:00,0.20,1.69,1.31e6,167
2022-11-26 10:00,0.20,1.69,1.31e6,164
2022-11-26 11:00,0.20,1.69,1.32e6,161
2022-11-26 12:00,0.21,1.69,1.31e6,176
2022-11-26 13:00,0.20,1.69,1.32e6,170
2022-11-26 14:00,0.20,1.69,1.32e6,162
2022-11-26 15:00,0.20,1.69,1.32e6,163
2022-11-26 16:00,0.20,1.69,1.31e6,164
2022-11-26 17:00,0.20,1.69,1.31e6,169
2022-11-26 18:00,0.20,1.69,1.31e6,149
2022-11-26 19:00,0.20,1.69,1.31e6,154
2022-11-26 20:00,0.20,1.70,1.31e6,166
2022-11-26 21:00,0.20,1.70,1.31e6,185
2022-11-26 22:00,0.20,1.70,1.31e6,156
2022-11-26 23:00,0.20,1.70,1.31e6,152
2022-11-27 00:00,0.20,1.70,1.31e6,156
2022-11-27 01:00,0.20,1.70,1.31e6,167
2022-11-27 02:00,0.20,1.70,1.31e6,197
2022-11-27 03:00,0.20,1.70,1.31e6,164
2022-11-27 04:00,0.20,1.70,1.31e6,160
2022-11-27 05:00,0.20,1.70,1.31e6,158
2022-11-27 06:00,0.20,1.71,1.31e6,165
2022-11-27 07:00,0.20,1.70,1.31e6,184
2022-11-27 08:00,0.20,1.70,1.31e6,172
2022-11-27 09:00,0.20,1.71,1.31e6,166
2022-11-27 10:00,0.20,1.71,1.31e6,166
2022-11-27 11:00,0.20,1.71,1.31e6,159
2022-11-27 12:00,0.20,1.71,1.31e6,167
2022-11-27 13:00,0.20,1.71,1.31e6,159
2022-11-27 14:00,0.20,1.71,1.31e6,162
2022-11-27 15:00,0.20,1.71,1.31e6,167
2022-11-27 16:00,0.20,1.71,1.31e6,153
2022-11-27 17:00,0.20,1.71,1.31e6,158
2022-11-27 18:00,0.20,1.71,1.31e6,160
2022-11-27 19:00,0.20,1.71,1.31e6,201
2022-11-27 20:00,0.20,1.71,1.31e6,170
2022-11-27 21:00,0.20,1.71,1.31e6,183
2022-11-27 22:00,0.20,1.71,1.31e6,154
2022-11-27 23:00,0.20,1.71,1.31e6,159
2022-11-28 00:00,0.20,1.71,1.31e6,174
2022-11-28 01:00,0.20,1.71,1.31e6,191
2022-11-28 02:00,0.20,1.71,1.31e6,166
2022-11-28 03:00,0.20,1.71,1.31e6,164
2022-11-28 04:00,0.20,1.71,1.31e6,184
2022-11-28 05:00,0.20,1.71,1.31e6,171
2022-11-28 06:00,0.20,1.71,1.31e6,176
2022-11-28 07:00,0.20,1.71,1.31e6,183
2022-11-28 08:00,0.20,1.71,1.31e6,172
2022-11-28 09:00,0.20,1.71,1.31e6,172
2022-11-28 10:00,0.20,1.71,1.31e6,164
2022-11-28 11:00,0.20,1.71,1.31e6,188
2022-11-28 12:00,0.20,1.71,1.32e6,179
2022-11-28 13:00,0.21,1.71,1.32e6,191
2022-11-28 14:00,0.21,1.71,1.32e6,190
2022-11-28 15:00,0.21,1.71,1.32e6,191
2022-11-28 16:00,0.20,1.71,1.32e6,174
2022-11-28 17:00,0.20,1.71,1.31e6,164
2022-11-28 18:00,0.20,1.71,1.32e6,183
2022-11-28 19:00,0.20,1.71,1.31e6,176
2022-11-28 20:00,0.20,1.71,1.31e6,166
2022-11-28 21:00,0.20,1.71,1.31e6,193
2022-11-28 22:00,0.20,1.71,1.31e6,183
2022-11-28 23:00,0.20,1.71,1.31e6,184
2022-11-29 00:00,0.20,1.71,1.31e6,159
2022-11-29 01:00,0.20,1.72,1.31e6,158
2022-11-29 02:00,0.20,1.72,1.31e6,152
2022-11-29 03:00,0.20,1.72,1.31e6,205
2022-11-29 04:00,0.20,1.72,1.31e6,169
2022-11-29 05:00,0.20,1.72,1.31e6,166
2022-11-29 06:00,0.20,1.72,1.31e6,163
2022-11-29 07:00,0.20,1.72,1.31e6,187
2022-11-29 08:00,0.20,1.72,1.31e6,168
2022-11-29 09:00,0.20,1.72,1.31e6,189
2022-11-29 10:00,0.20,1.72,1.31e6,166
2022-11-29 11:00,0.20,1.72,1.32e6,165
2022-11-29 12:00,0.20,1.72,1.32e6,180
2022-11-29 13:00,0.20,1.72,1.32e6,191
2022-11-29 14:00,0.21,1.72,1.32e6,220
2022-11-29 15:00,0.20,1.72,1.31e6,180
2022-11-29 16:00,0.20,1.72,1.31e6,159
2022-11-29 17:00,0.20,1.72,1.31e6,160
2022-11-29 18:00,0.20,1.72,1.32e6,154
2022-11-29 19:00,0.20,1.72,1.31e6,156
2022-11-29 20:00,0.20,1.72,1.32e6,196
2022-11-29 21:00,0.20,1.72,1.31e6,171
2022-11-29 22:00,0.20,1.73,1.31e6,182
2022-11-29 23:00,0.20,1.73,1.31e6,163
2022-11-30 00:00,0.20,1.73,1.31e6,173
2022-11-30 01:00,0.20,1.73,1.31e6,163
2022-11-30 02:00,0.20,1.73,1.31e6,174
2022-11-30 03:00,0.20,1.73,1.31e6,163
2022-11-30 04:00,0.20,1.73,1.31e6,181
2022-11-30 05:00,0.21,1.73,1.32e6,185
2022-11-30 06:00,0.25,1.65,1.32e6,161
2022-11-30 07:00,0.12,1.32,1.32e6,161
2022-11-30 08:00,0.15,1.34,1.32e6,167
2022-11-30 09:00,0.21,1.35,1.31e6,160
2022-11-30 10:00,0.22,1.35,1.32e6,164
2022-11-30 11:00,0.21,1.35,1.31e6,163
2022-11-30 12:00,0.22,1.35,1.32e6,195
2022-11-30 13:00,0.22,1.37,1.32e6,184
2022-11-30 14:00,0.23,1.38,1.32e6,167
2022-11-30 15:00,0.22,1.38,1.32e6,181
2022-11-30 16:00,0.23,1.38,1.28e6,169
2022-11-30 17:00,0.23,1.39,1.31e6,180
2022-11-30 18:00,0.23,1.39,1.32e6,161
2022-11-30 19:00,0.22,1.39,1.32e6,155
2022-11-30 20:00,0.22,1.40,1.32e6,176
2022-11-30 21:00,0.22,1.40,1.31e6,187
2022-11-30 22:00,0.22,1.40,1.32e6,199
2022-11-30 23:00,0.22,1.40,1.31e6,159
2022-12-01 00:00,0.22,1.41,1.31e6,242
2022-12-01 01:00,0.22,1.41,1.31e6,176
2022-12-01 02:00,0.22,1.41,1.32e6,175
2022-12-01 03:00,0.22,1.41,1.31e6,174
2022-12-01 04:00,0.22,1.41,1.32e6,178
2022-12-01 05:00,0.22,1.41,1.32e6,177
2022-12-01 06:00,0.22,1.41,1.32e6,175
2022-12-01 07:00,0.21,1.41,1.32e6,171
2022-12-01 08:00,0.22,1.41,1.32e6,169
2022-12-01 09:00,0.22,1.42,1.32e6,184
2022-12-01 10:00,0.22,1.42,1.32e6,164
2022-12-01 11:00,0.22,1.42,1.32e6,167
2022-12-01 12:00,0.22,1.43,1.32e6,172
2022-12-01 13:00,0.22,1.43,1.32e6,164
2022-12-01 14:00,0.22,1.43,1.32e6,168
2022-12-01 15:00,0.22,1.43,1.32e6,162
2022-12-01 16:00,0.22,1.43,1.32e6,189
2022-12-01 17:00,0.22,1.43,1.32e6,163
2022-12-01 18:00,0.22,1.44,1.32e6,182
2022-12-01 19:00,0.22,1.44,1.32e6,179
2022-12-01 20:00,0.23,1.44,1.32e6,174
2022-12-01 21:00,0.22,1.44,1.31e6,156
2022-12-01 22:00,0.22,1.44,1.32e6,247
2022-12-01 23:00,0.21,1.44,1.32e6,163
2022-12-02 00:00,0.22,1.45,1.32e6,181
2022-12-02 01:00,0.21,1.45,1.32e6,174
2022-12-02 02:00,0.22,1.45,1.32e6,196
2022-12-02 03:00,0.22,1.45,1.31e6,162
2022-12-02 04:00,0.22,1.45,1.31e6,159
2022-12-02 05:00,0.22,1.45,1.32e6,178
2022-12-02 06:00,0.22,1.45,1.32e6,178
2022-12-02 07:00,0.22,1.46,1.32e6,182
2022-12-02 08:00,0.22,1.46,1.32e6,166
2022-12-02 09:00,0.22,1.46,1.32e6,191
2022-12-02 10:00,0.22,1.46,1.32e6,195
2022-12-02 11:00,0.22,1.47,1.32e6,171
2022-12-02 12:00,0.22,1.47,1.32e6,170
2022-12-02 13:00,0.22,1.47,1.32e6,168
2022-12-02 14:00,0.22,1.47,1.32e6,184
2022-12-02 15:00,0.22,1.47,1.32e6,181
2022-12-02 16:00,0.22,1.47,1.32e6,177
2022-12-02 17:00,0.22,1.48,1.32e6,194
2022-12-02 18:00,0.23,1.48,1.32e6,169
2022-12-02 19:00,0.25,1.48,1.32e6,171
2022-12-02 20:00,0.22,1.48,1.32e6,161
2022-12-02 21:00,0.22,1.48,1.32e6,170
2022-12-02 22:00,0.22,1.48,1.32e6,176
2022-12-02 23:00,0.22,1.49,1.32e6,169
2022-12-03 00:00,0.22,1.49,1.32e6,169
2022-12-03 01:00,0.22,1.49,1.32e6,179
2022-12-03 02:00,0.22,1.49,1.32e6,180
2022-12-03 03:00,0.22,1.49,1.32e6,219
2022-12-03 04:00,0.22,1.49,1.32e6,170
2022-12-03 05:00,0.22,1.49,1.32e6,168
2022-12-03 06:00,0.22,1.49,1.32e6,155
2022-12-03 07:00,0.22,1.49,1.32e6,174
2022-12-03 08:00,0.22,1.49,1.32e6,176
2022-12-03 09:00,0.24,1.49,1.32e6,220
2022-12-03 10:00,0.22,1.50,1.32e6,166
2022-12-03 11:00,0.22,1.50,1.32e6,157
2022-12-03 12:00,0.22,1.50,1.32e6,187
2022-12-03 13:00,0.23,1.50,1.32e6,158
2022-12-03 14:00,0.23,1.50,1.32e6,174
2022-12-03 15:00,0.23,1.50,1.32e6,168
2022-12-03 16:00,0.22,1.50,1.32e6,156
2022-12-03 17:00,0.23,1.50,1.32e6,174
2022-12-03 18:00,0.23,1.50,1.32e6,165
2022-12-03 19:00,0.22,1.51,1.32e6,168
2022-12-03 20:00,0.22,1.51,1.32e6,172
2022-12-03 21:00,0.23,1.51,1.32e6,177
2022-12-03 22:00,0.24,1.51,1.32e6,187
2022-12-03 23:00,0.22,1.51,1.32e6,182
2022-12-04 00:00,0.23,1.51,1.32e6,150
2022-12-04 01:00,0.22,1.51,1.32e6,164
2022-12-04 02:00,0.23,1.51,1.32e6,170
2022-12-04 03:00,0.22,1.51,1.32e6,161
2022-12-04 04:00,0.22,1.52,1.32e6,165
2022-12-04 05:00,0.22,1.52,1.32e6,174
2022-12-04 06:00,0.22,1.52,1.32e6,180
2022-12-04 07:00,0.22,1.52,1.32e6,189
2022-12-04 08:00,0.22,1.52,1.32e6,189
2022-12-04 09:00,0.22,1.52,1.32e6,173
2022-12-04 10:00,0.22,1.52,1.32e6,168
2022-12-04 11:00,0.22,1.52,1.32e6,167
2022-12-04 12:00,0.22,1.52,1.32e6,160
2022-12-04 13:00,0.23,1.52,1.32e6,161
2022-12-04 14:00,0.23,1.52,1.32e6,174
2022-12-04 15:00,0.23,1.52,1.32e6,168
2022-12-04 16:00,0.23,1.52,1.32e6,188
2022-12-04 17:00,0.23,1.52,1.32e6,178
2022-12-04 18:00,0.22,1.52,1.32e6,166
2022-12-04 19:00,0.22,1.53,1.32e6,169
2022-12-04 20:00,0.22,1.53,1.32e6,176
2022-12-04 21:00,0.22,1.53,1.32e6,162
2022-12-04 22:00,0.22,1.53,1.32e6,196
2022-12-04 23:00,0.22,1.53,1.32e6,171
2022-12-05 00:00,0.24,1.53,1.51e6,278
2022-12-05 01:00,0.25,1.53,1.63e6,322
2022-12-05 02:00,0.25,1.53,1.63e6,362
2022-12-05 03:00,0.24,1.53,1.62e6,394
2022-12-05 04:00,0.37,1.31,1.33e6,231
2022-12-05 05:00,0.22,1.33,1.32e6,226
2022-12-05 06:00,0.21,1.34,1.33e6,191
2022-12-05 07:00,0.21,1.34,1.33e6,181
2022-12-05 08:00,0.21,1.34,1.32e6,195
2022-12-05 09:00,0.21,1.34,1.32e6,194
2022-12-05 10:00,0.21,1.35,1.32e6,186
2022-12-05 11:00,0.21,1.35,1.32e6,215
2022-12-05 12:00,0.21,1.35,1.33e6,195
2022-12-05 13:00,0.20,1.35,1.33e6,238
2022-12-05 14:00,0.21,1.36,1.33e6,244
2022-12-05 15:00,0.21,1.36,1.32e6,203
2022-12-05 16:00,0.21,1.36,1.32e6,175
2022-12-05 17:00,0.22,1.37,1.32e6,220
2022-12-05 18:00,0.22,1.37,1.32e6,209
2022-12-05 19:00,0.23,1.37,1.32e6,197
2022-12-05 20:00,0.21,1.36,1.32e6,180
2022-12-05 21:00,0.21,1.37,1.32e6,182
2022-12-05 22:00,0.22,1.38,1.32e6,183
2022-12-05 23:00,0.22,1.38,1.32e6,181
2022-12-06 00:00,0.21,1.38,1.32e6,162
2022-12-06 01:00,0.22,1.39,1.32e6,198
2022-12-06 02:00,0.23,1.39,1.32e6,202
2022-12-06 03:00,0.23,1.39,1.32e6,214
2022-12-06 04:00,0.23,1.40,1.32e6,187
2022-12-06 05:00,0.23,1.40,1.32e6,203
2022-12-06 06:00,0.23,1.41,1.32e6,915
2022-12-06 07:00,0.22,1.43,1.32e6,188
2022-12-06 08:00,0.23,1.43,1.32e6,192
2022-12-06 09:00,0.23,1.43,1.32e6,190
2022-12-06 10:00,0.22,1.43,1.33e6,196
2022-12-06 11:00,0.23,1.43,1.32e6,225
2022-12-06 12:00,0.23,1.44,1.32e6,182
2022-12-06 13:00,0.23,1.44,1.32e6,233
2022-12-06 14:00,0.23,1.44,1.33e6,336
2022-12-06 15:00,0.23,1.44,1.33e6,214
2022-12-06 16:00,0.23,1.44,1.32e6,239
2022-12-06 17:00,0.23,1.44,1.32e6,209
2022-12-06 18:00,0.23,1.44,1.33e6,196
2022-12-06 19:00,0.23,1.45,1.33e6,259
2022-12-06 20:00,0.23,1.45,1.32e6,226
2022-12-06 21:00,0.23,1.45,1.33e6,205
2022-12-06 22:00,0.22,1.45,1.33e6,239
2022-12-06 23:00,0.22,1.45,1.32e6,206
2022-12-07 00:00,0.21,1.45,1.32e6,209
2022-12-07 01:00,0.21,1.45,1.32e6,256
2022-12-07 02:00,0.21,1.45,1.32e6,261
2022-12-07 03:00,0.23,1.45,1.32e6,192
2022-12-07 04:00,0.24,1.45,1.32e6,191
2022-12-07 05:00,0.24,1.45,1.32e6,194
2022-12-07 06:00,0.24,1.45,1.32e6,167
2022-12-07 07:00,0.24,1.45,1.33e6,170
2022-12-07 08:00,0.24,1.46,1.32e6,172
2022-12-07 09:00,0.23,1.46,1.33e6,169
2022-12-07 10:00,0.60,1.35,1.33e6,623
2022-12-07 11:00,0.38,1.37,1.33e6,499
2022-12-07 12:00,0.39,1.42,1.33e6,475
2022-12-07 13:00,0.47,1.45,1.33e6,493
2022-12-07 14:00,0.47,1.47,1.33e6,513
2022-12-07 15:00,0.46,1.50,1.33e6,422
2022-12-07 16:00,0.46,1.51,1.33e6,421
2022-12-07 17:00,0.46,1.53,1.33e6,557
2022-12-07 18:00,0.44,1.56,1.33e6,333
2022-12-07 19:00,0.44,1.58,1.33e6,390
2022-12-07 20:00,0.44,1.60,1.32e6,349
2022-12-07 21:00,0.44,1.62,1.32e6,329
2022-12-07 22:00,0.44,1.65,1.32e6,413
2022-12-07 23:00,0.44,1.67,1.32e6,352
2022-12-08 00:00,0.44,1.69,1.32e6,368
2022-12-08 01:00,0.44,1.71,1.32e6,342
2022-12-08 02:00,0.44,1.74,1.32e6,425
2022-12-08 03:00,0.44,1.76,1.32e6,331
2022-12-08 04:00,0.44,1.78,1.32e6,354
2022-12-08 05:00,0.45,1.80,1.33e6,412
2022-12-08 06:00,0.44,1.82,1.32e6,310
2022-12-08 07:00,0.43,1.85,1.32e6,367
2022-12-08 08:00,0.45,1.87,1.32e6,358
2022-12-08 09:00,0.44,1.89,1.32e6,378
2022-12-08 10:00,0.44,1.91,1.34e6,347
2022-12-08 11:00,0.44,1.93,1.32e6,345
2022-12-08 12:00,0.47,1.97,1.25e6,3.35e3
2022-12-08 13:00,0.43,2.02,1.34e6,479
2022-12-08 14:00,0.42,2.04,1.33e6,334
2022-12-08 15:00,0.42,2.07,1.32e6,389
2022-12-08 16:00,0.42,2.09,1.32e6,333
2022-12-08 17:00,0.42,2.11,1.32e6,353
2022-12-08 18:00,0.43,2.13,1.33e6,324
2022-12-08 19:00,0.45,2.15,1.36e6,436
2022-12-08 20:00,0.44,2.17,1.28e6,317
2022-12-08 21:00,0.43,2.18,1.28e6,362
2022-12-08 22:00,0.43,2.20,1.28e6,396
2022-12-08 23:00,0.43,2.22,1.28e6,356
2022-12-09 00:00,0.43,2.23,1.28e6,330
2022-12-09 01:00,0.43,2.25,1.28e6,377
2022-12-09 02:00,0.44,2.26,1.29e6,636
2022-12-09 03:00,0.43,2.27,1.28e6,330
2022-12-09 04:00,0.43,2.28,1.28e6,310
2022-12-09 05:00,0.43,2.29,1.28e6,303
2022-12-09 06:00,0.43,2.30,1.28e6,304
2022-12-09 07:00,0.44,2.30,1.28e6,304
2022-12-09 08:00,0.44,2.31,1.28e6,295
2022-12-09 09:00,0.44,2.31,1.28e6,425
2022-12-09 10:00,0.44,2.31,1.29e6,321
2022-12-09 11:00,0.43,2.31,1.28e6,319
2022-12-09 12:00,0.55,2.20,1.29e6,360
2022-12-09 13:00,0.30,1.35,1.29e6,307
2022-12-09 14:00,0.25,1.39,1.29e6,184
2022-12-09 15:00,0.27,1.40,1.28e6,201
2022-12-09 16:00,0.27,1.41,1.28e6,190
2022-12-09 17:00,0.27,1.41,1.28e6,195
2022-12-09 18:00,0.27,1.42,1.29e6,197
2022-12-09 19:00,0.27,1.42,1.28e6,186
2022-12-09 20:00,0.27,1.42,1.28e6,219
2022-12-09 21:00,0.27,1.42,1.28e6,212
2022-12-09 22:00,0.27,1.43,1.28e6,292
2022-12-09 23:00,0.26,1.43,1.28e6,201
2022-12-10 00:00,0.26,1.44,1.28e6,196
2022-12-10 01:00,0.27,1.44,1.28e6,206
2022-12-10 02:00,0.27,1.44,1.28e6,303
2022-12-10 03:00,0.27,1.45,1.28e6,197
2022-12-10 04:00,0.27,1.45,1.28e6,246
2022-12-10 05:00,0.27,1.46,1.28e6,233
2022-12-10 06:00,0.26,1.46,1.28e6,209
2022-12-10 07:00,0.26,1.46,1.28e6,198
2022-12-10 08:00,0.27,1.46,1.28e6,200
2022-12-10 09:00,0.26,1.47,1.28e6,199
2022-12-10 10:00,0.27,1.47,1.28e6,198
2022-12-10 11:00,0.27,1.47,1.28e6,192
2022-12-10 12:00,0.27,1.47,1.28e6,188
2022-12-10 13:00,0.27,1.48,1.28e6,221
2022-12-10 14:00,0.27,1.48,1.29e6,190
2022-12-10 15:00,0.26,1.48,1.3e6,200
2022-12-10 16:00,0.27,1.48,1.28e6,186
2022-12-10 17:00,0.26,1.48,1.28e6,181
2022-12-10 18:00,0.26,1.49,1.29e6,180
2022-12-10 19:00,0.27,1.49,1.29e6,192
2022-12-10 20:00,0.27,1.49,1.28e6,211
2022-12-10 21:00,0.27,1.49,1.28e6,243
2022-12-10 22:00,0.27,1.50,1.28e6,198
2022-12-10 23:00,0.27,1.50,1.28e6,203
2022-12-11 00:00,0.27,1.50,1.28e6,222
2022-12-11 01:00,0.26,1.50,1.28e6,196
2022-12-11 02:00,0.27,1.51,1.29e6,600
2022-12-11 03:00,0.27,1.52,1.28e6,243
2022-12-11 04:00,0.26,1.52,1.28e6,222
2022-12-11 05:00,0.27,1.52,1.28e6,238
2022-12-11 06:00,0.27,1.52,1.29e6,241
2022-12-11 07:00,0.26,1.52,1.28e6,247
2022-12-11 08:00,0.27,1.52,1.28e6,186
2022-12-11 09:00,0.26,1.53,1.28e6,192
2022-12-11 10:00,0.29,1.54,1.23e6,2.97e3
2022-12-11 11:00,0.26,1.56,1.28e6,182
2022-12-11 12:00,0.26,1.56,1.28e6,254
2022-12-11 13:00,0.27,1.56,1.29e6,783
2022-12-11 14:00,0.26,1.57,1.28e6,215
2022-12-11 15:00,0.26,1.57,1.29e6,383
2022-12-11 16:00,0.26,1.57,1.28e6,212
2022-12-11 17:00,0.26,1.57,1.29e6,200
2022-12-11 18:00,0.27,1.57,1.29e6,225
2022-12-11 19:00,0.27,1.57,1.28e6,207
2022-12-11 20:00,0.26,1.57,1.28e6,211
2022-12-11 21:00,0.27,1.57,1.29e6,200
2022-12-11 22:00,0.27,1.57,1.29e6,202
2022-12-11 23:00,0.27,1.57,1.28e6,216
2022-12-12 00:00,0.27,1.58,1.28e6,215
2022-12-12 01:00,0.27,1.58,1.28e6,214
2022-12-12 02:00,0.28,1.58,1.29e6,393
2022-12-12 03:00,0.27,1.58,1.28e6,219
2022-12-12 04:00,0.27,1.58,1.28e6,236
2022-12-12 05:00,0.27,1.58,1.28e6,221
2022-12-12 06:00,0.26,1.58,1.29e6,200
2022-12-12 07:00,0.27,1.58,1.29e6,195
2022-12-12 08:00,0.27,1.58,1.28e6,201
2022-12-12 09:00,0.26,1.58,1.28e6,181
2022-12-12 10:00,0.26,1.58,1.29e6,199
2022-12-12 11:00,0.26,1.58,1.29e6,209
2022-12-12 12:00,0.27,1.58,1.29e6,183
2022-12-12 13:00,0.27,1.58,1.29e6,265
2022-12-12 14:00,0.27,1.58,1.29e6,241
2022-12-12 15:00,0.27,1.58,1.28e6,209
2022-12-12 16:00,0.27,1.58,1.28e6,250
2022-12-12 17:00,0.27,1.58,1.28e6,228
2022-12-12 18:00,0.28,1.58,1.29e6,208
2022-12-12 19:00,0.27,1.58,1.28e6,228
2022-12-12 20:00,0.27,1.58,1.28e6,193
2022-12-12 21:00,0.28,1.58,1.29e6,481
2022-12-12 22:00,0.27,1.59,1.28e6,213
2022-12-12 23:00,0.28,1.59,1.28e6,216
2022-12-13 00:00,0.27,1.59,1.28e6,210
2022-12-13 01:00,0.28,1.59,1.28e6,226
2022-12-13 02:00,0.28,1.59,1.29e6,337
2022-12-13 03:00,0.28,1.60,1.29e6,497
2022-12-13 04:00,0.29,1.62,1.15e6,2.57e3
2022-12-13 05:00,0.26,1.66,1.24e6,788
2022-12-13 06:00,0.27,1.68,1.3e6,535
2022-12-13 07:00,0.26,1.68,1.29e6,309
2022-12-13 08:00,0.26,1.68,1.28e6,487
2022-12-13 09:00,0.27,1.69,1.29e6,429
2022-12-13 10:00,0.27,1.69,1.29e6,294
2022-12-13 11:00,0.27,1.69,1.29e6,294
2022-12-13 12:00,0.27,1.69,1.29e6,331
2022-12-13 13:00,0.28,1.69,1.29e6,455
2022-12-13 14:00,0.28,1.69,1.29e6,347
2022-12-13 15:00,0.28,1.70,1.29e6,510
2022-12-13 16:00,0.28,1.70,1.29e6,285
2022-12-13 17:00,0.27,1.70,1.29e6,347
2022-12-13 18:00,0.27,1.70,1.29e6,362
2022-12-13 19:00,0.27,1.70,1.29e6,313
2022-12-13 20:00,0.27,1.70,1.29e6,299
2022-12-13 21:00,0.27,1.70,1.29e6,282
2022-12-13 22:00,0.27,1.70,1.29e6,366
2022-12-13 23:00,0.27,1.70,1.29e6,380
2022-12-14 00:00,0.27,1.70,1.28e6,289
2022-12-14 01:00,0.27,1.70,1.29e6,372
2022-12-14 02:00,0.27,1.70,1.29e6,328
2022-12-14 03:00,0.27,1.71,1.29e6,374
2022-12-14 04:00,0.27,1.71,1.29e6,348
2022-12-14 05:00,0.28,1.69,1.29e6,290
2022-12-14 06:00,0.26,1.67,1.29e6,247
2022-12-14 07:00,0.27,1.68,1.29e6,265
2022-12-14 08:00,0.27,1.68,1.29e6,357
2022-12-14 09:00,0.27,1.68,1.29e6,344
2022-12-14 10:00,0.27,1.69,1.29e6,317
2022-12-14 11:00,0.27,1.69,1.29e6,344
2022-12-14 12:00,0.27,1.69,1.29e6,261
2022-12-14 13:00,0.10,1.69,231e3,261
2022-12-14 14:00,0.10,1.70,40.9e3,29.3e3
2022-12-14 15:00,0.09,1.70,16.3e3,3 e6in 3.53 e3
2022-12-14 16:00,0.08,1.71,19.6e3,2 e6in 42.8 e3
2022-12-14 17:00,0.09,1.73,65e3,38e3
2022-12-14 18:00,0.51,1.30,1.26e6,13.7e3
2022-12-14 19:00,0.20,1.42,2.12e6,2.02e3
2022-12-14 20:00,0.15,1.45,1.59e6,177
2022-12-14 21:00,0.19,1.46,1.51e6,156
2022-12-14 22:00,0.19,1.47,1.51e6,159
2022-12-14 23:00,0.19,1.47,1.5e6,153
2022-12-15 00:00,0.19,1.48,1.5e6,156
2022-12-15 01:00,0.19,1.48,1.53e6,170
2022-12-15 02:00,0.32,1.48,2.41e6,3.7e3
2022-12-15 03:00,0.34,1.49,2.66e6,2.7e3
2022-12-15 04:00,0.25,1.50,2.19e6,593
2022-12-15 05:00,0.23,1.50,1.88e6,264
2022-12-15 06:00,0.23,1.50,1.9e6,266
2022-12-15 07:00,0.32,1.50,2.43e6,2.44e3
2022-12-15 08:00,0.31,1.52,2.4e6,2.11e3
2022-12-15 09:00,0.20,1.49,1.51e6,149
2022-12-15 10:00,0.20,1.48,1.51e6,160
2022-12-15 11:00,0.20,1.48,1.51e6,153
2022-12-15 12:00,0.20,1.48,1.51e6,173
2022-12-15 13:00,0.21,1.49,1.51e6,203
2022-12-15 14:00,0.22,1.49,1.51e6,158
2022-12-15 15:00,0.22,1.49,1.5e6,152
2022-12-15 16:00,0.22,1.49,1.5e6,147
2022-12-15 17:00,0.21,1.49,1.5e6,149
2022-12-15 18:00,0.22,1.49,1.5e6,155
2022-12-15 19:00,0.22,1.49,1.5e6,157
2022-12-15 20:00,0.22,1.50,1.5e6,151
2022-12-15 21:00,0.22,1.50,1.51e6,161
2022-12-15 22:00,0.22,1.50,1.51e6,150
2022-12-15 23:00,0.21,1.50,1.51e6,148
2022-12-16 00:00,0.21,1.50,1.5e6,143
2022-12-16 01:00,0.21,1.50,1.5e6,155
2022-12-16 02:00,0.21,1.50,1.51e6,143
2022-12-16 03:00,0.21,1.51,1.51e6,146
2022-12-16 04:00,0.21,1.51,1.51e6,148
2022-12-16 05:00,0.21,1.51,1.51e6,147
2022-12-16 06:00,0.21,1.51,1.51e6,151
2022-12-16 07:00,0.21,1.51,1.51e6,149
2022-12-16 08:00,0.21,1.51,1.51e6,158
2022-12-16 09:00,0.21,1.51,1.51e6,258
2022-12-16 10:00,0.21,1.51,1.51e6,171
2022-12-16 11:00,0.21,1.51,1.5e6,152
2022-12-16 12:00,0.21,1.51,1.5e6,147
2022-12-16 13:00,0.22,1.51,1.51e6,153
2022-12-16 14:00,0.22,1.52,1.51e6,149
2022-12-16 15:00,0.22,1.52,1.51e6,153
2022-12-16 16:00,0.22,1.52,1.51e6,166
2022-12-16 17:00,0.22,1.52,1.51e6,148
2022-12-16 18:00,0.22,1.52,1.51e6,160
2022-12-16 19:00,0.22,1.52,1.51e6,151
2022-12-16 20:00,0.21,1.52,1.51e6,153
2022-12-16 21:00,0.22,1.52,1.51e6,153
2022-12-16 22:00,0.23,1.53,1.51e6,155
2022-12-16 23:00,0.22,1.53,1.51e6,148
2022-12-17 00:00,0.22,1.53,1.5e6,154
2022-12-17 01:00,0.22,1.53,1.51e6,236
2022-12-17 02:00,0.22,1.53,1.51e6,149
2022-12-17 03:00,0.22,1.53,1.51e6,163
2022-12-17 04:00,0.22,1.53,1.51e6,148
2022-12-17 05:00,0.22,1.54,1.51e6,167
2022-12-17 06:00,0.22,1.54,1.52e6,156
2022-12-17 07:00,0.22,1.54,1.51e6,146
2022-12-17 08:00,0.21,1.54,1.51e6,164
2022-12-17 09:00,0.22,1.54,1.51e6,155
2022-12-17 10:00,0.22,1.54,1.51e6,161
2022-12-17 11:00,0.22,1.54,1.51e6,146
2022-12-17 12:00,0.21,1.54,1.51e6,152
2022-12-17 13:00,0.22,1.54,1.51e6,152
2022-12-17 14:00,0.22,1.54,1.51e6,151
2022-12-17 15:00,0.22,1.55,1.51e6,163
2022-12-17 16:00,0.22,1.55,1.51e6,156
2022-12-17 17:00,0.22,1.55,1.5e6,149
2022-12-17 18:00,0.22,1.55,1.51e6,160
2022-12-17 19:00,0.22,1.55,1.5e6,151
2022-12-17 20:00,0.22,1.55,1.51e6,168
2022-12-17 21:00,0.22,1.55,1.5e6,142
2022-12-17 22:00,0.22,1.55,1.51e6,153
2022-12-17 23:00,0.22,1.55,1.51e6,148
2022-12-18 00:00,0.22,1.55,1.51e6,147
2022-12-18 01:00,0.22,1.56,1.5e6,144
2022-12-18 02:00,0.22,1.56,1.51e6,147
2022-12-18 03:00,0.22,1.56,1.51e6,153
2022-12-18 04:00,0.22,1.56,1.51e6,148
2022-12-18 05:00,0.22,1.56,1.51e6,161
2022-12-18 06:00,0.22,1.56,1.51e6,229
2022-12-18 07:00,0.21,1.56,1.51e6,151
2022-12-18 08:00,0.21,1.56,1.51e6,142
2022-12-18 09:00,0.21,1.56,1.51e6,142
2022-12-18 10:00,0.21,1.56,1.51e6,149
2022-12-18 11:00,0.21,1.56,1.51e6,141
2022-12-18 12:00,0.22,1.57,1.51e6,151
2022-12-18 13:00,0.22,1.57,1.51e6,203
2022-12-18 14:00,0.22,1.57,1.51e6,148
2022-12-18 15:00,0.22,1.57,1.51e6,152
2022-12-18 16:00,0.22,1.57,1.51e6,148
2022-12-18 17:00,0.22,1.57,1.5e6,142
2022-12-18 18:00,0.22,1.57,1.51e6,165
2022-12-18 19:00,0.22,1.57,1.51e6,149
2022-12-18 20:00,0.22,1.57,1.51e6,160
2022-12-18 21:00,0.21,1.57,1.51e6,151
2022-12-18 22:00,0.21,1.58,1.51e6,152
2022-12-18 23:00,0.22,1.58,1.5e6,163
2022-12-19 00:00,0.21,1.58,1.51e6,424
2022-12-19 01:00,0.20,1.58,1.5e6,152
2022-12-19 02:00,0.20,1.58,1.5e6,154
2022-12-19 03:00,0.21,1.58,1.51e6,153
2022-12-19 04:00,0.21,1.58,1.51e6,149
2022-12-19 05:00,0.34,1.50,1.51e6,159
2022-12-19 06:00,0.24,1.31,1.51e6,147
2022-12-19 07:00,0.20,1.35,1.51e6,160
2022-12-19 08:00,0.22,1.36,1.51e6,157
2022-12-19 09:00,0.21,1.36,1.52e6,158
2022-12-19 10:00,0.21,1.37,1.51e6,151
2022-12-19 11:00,0.20,1.37,1.5e6,155
2022-12-19 12:00,0.21,1.37,1.51e6,156
2022-12-19 13:00,0.21,1.38,1.51e6,158
2022-12-19 14:00,0.21,1.38,1.52e6,179
2022-12-19 15:00,0.21,1.38,1.51e6,160
2022-12-19 16:00,0.21,1.38,1.51e6,159
2022-12-19 17:00,0.21,1.38,1.51e6,161
2022-12-19 18:00,0.22,1.39,1.5e6,155
2022-12-19 19:00,0.22,1.39,1.51e6,155
2022-12-19 20:00,0.21,1.39,1.5e6,157
2022-12-19 21:00,0.21,1.39,1.5e6,146
2022-12-19 22:00,0.21,1.39,1.51e6,168
2022-12-19 23:00,0.21,1.40,1.5e6,159
2022-12-20 00:00,0.21,1.40,1.51e6,149
2022-12-20 01:00,0.21,1.40,1.51e6,188
2022-12-20 02:00,0.21,1.41,1.51e6,150
2022-12-20 03:00,0.21,1.41,1.5e6,171
2022-12-20 04:00,0.21,1.41,1.51e6,154
2022-12-20 05:00,0.21,1.41,1.51e6,151
2022-12-20 06:00,0.21,1.41,1.51e6,149
2022-12-20 07:00,0.21,1.42,1.51e6,146
2022-12-20 08:00,0.21,1.42,1.51e6,151
2022-12-20 09:00,0.20,1.42,1.51e6,151
2022-12-20 10:00,0.20,1.42,1.51e6,167
2022-12-20 11:00,0.21,1.42,1.51e6,157
2022-12-20 12:00,0.21,1.43,1.51e6,151
2022-12-20 13:00,0.21,1.43,1.51e6,164
2022-12-20 14:00,0.21,1.43,1.51e6,173
2022-12-20 15:00,0.21,1.43,1.51e6,158
2022-12-20 16:00,0.21,1.43,1.51e6,159
2022-12-20 17:00,0.21,1.43,1.51e6,158
2022-12-20 18:00,0.21,1.44,1.51e6,154
2022-12-20 19:00,0.21,1.44,1.51e6,154
2022-12-20 20:00,0.21,1.44,1.51e6,152
2022-12-20 21:00,0.20,1.44,1.51e6,171
2022-12-20 22:00,0.21,1.45,1.51e6,169
2022-12-20 23:00,0.21,1.45,1.5e6,153
2022-12-21 00:00,0.21,1.45,1.51e6,160
2022-12-21 01:00,0.21,1.45,1.5e6,151
2022-12-21 02:00,0.21,1.45,1.51e6,159
2022-12-21 03:00,0.21,1.45,1.51e6,150
2022-12-21 04:00,0.21,1.46,1.51e6,149
2022-12-21 05:00,0.20,1.46,1.51e6,178
2022-12-21 06:00,0.20,1.46,1.51e6,168
2022-12-21 07:00,0.20,1.46,1.51e6,155
2022-12-21 08:00,0.21,1.46,1.51e6,175
2022-12-21 09:00,0.20,1.46,1.51e6,185
2022-12-21 10:00,0.20,1.47,1.51e6,156
2022-12-21 11:00,0.21,1.47,1.5e6,151
2022-12-21 12:00,0.21,1.47,1.51e6,150
2022-12-21 13:00,0.21,1.47,1.51e6,154
2022-12-21 14:00,0.21,1.47,1.51e6,153
2022-12-21 15:00,0.21,1.47,1.51e6,153
2022-12-21 16:00,0.21,1.48,1.5e6,159
2022-12-21 17:00,0.20,1.48,1.5e6,178
2022-12-21 18:00,0.21,1.48,1.51e6,188
2022-12-21 19:00,0.20,1.48,1.5e6,151
2022-12-21 20:00,0.20,1.49,1.51e6,158
2022-12-21 21:00,0.20,1.49,1.51e6,156
2022-12-21 22:00,0.20,1.49,1.51e6,159
2022-12-21 23:00,0.20,1.49,1.51e6,181
2022-12-22 00:00,0.20,1.49,1.51e6,186
2022-12-22 01:00,0.20,1.50,1.51e6,153
2022-12-22 02:00,0.21,1.50,1.51e6,146
2022-12-22 03:00,0.21,1.50,1.51e6,161
2022-12-22 04:00,0.21,1.50,1.51e6,151
2022-12-22 05:00,0.20,1.50,1.51e6,162
2022-12-22 06:00,0.21,1.50,1.52e6,156
2022-12-22 07:00,0.21,1.50,1.51e6,165
2022-12-22 08:00,0.21,1.50,1.51e6,150
2022-12-22 09:00,0.21,1.50,1.51e6,145
2022-12-22 10:00,0.21,1.51,1.52e6,151
2022-12-22 11:00,0.20,1.51,1.51e6,154
2022-12-22 12:00,0.21,1.51,1.51e6,166
2022-12-22 13:00,0.21,1.51,1.52e6,157
2022-12-22 14:00,0.21,1.51,1.51e6,160
2022-12-22 15:00,0.21,1.51,1.51e6,157
2022-12-22 16:00,0.21,1.51,1.51e6,154
2022-12-22 17:00,0.21,1.51,1.51e6,160
2022-12-22 18:00,0.21,1.52,1.51e6,160
2022-12-22 19:00,0.21,1.52,1.51e6,155
2022-12-22 20:00,0.21,1.52,1.51e6,149
2022-12-22 21:00,0.20,1.52,1.51e6,152
2022-12-22 22:00,0.21,1.52,1.51e6,167
2022-12-22 23:00,0.20,1.52,1.51e6,164
2022-12-23 00:00,0.20,1.52,1.51e6,161
2022-12-23 01:00,0.21,1.52,1.52e6,164
2022-12-23 02:00,0.21,1.52,1.51e6,158
2022-12-23 03:00,0.21,1.53,1.52e6,149
2022-12-23 04:00,0.21,1.53,1.51e6,150
2022-12-23 05:00,0.20,1.53,1.52e6,158
2022-12-23 06:00,0.20,1.53,1.51e6,153
2022-12-23 07:00,0.20,1.53,1.51e6,153
2022-12-23 08:00,0.20,1.53,1.51e6,152
2022-12-23 09:00,0.20,1.53,1.51e6,201
2022-12-23 10:00,0.20,1.53,1.51e6,150
2022-12-23 11:00,0.20,1.53,1.51e6,176
2022-12-23 12:00,0.20,1.54,1.51e6,156
2022-12-23 13:00,0.21,1.54,1.51e6,157
2022-12-23 14:00,0.21,1.54,1.51e6,165
2022-12-23 15:00,0.21,1.54,1.51e6,151
2022-12-23 16:00,0.21,1.54,1.51e6,158
2022-12-23 17:00,0.21,1.54,1.51e6,160
2022-12-23 18:00,0.21,1.54,1.51e6,154
2022-12-23 19:00,0.21,1.54,1.51e6,154
2022-12-23 20:00,0.20,1.54,1.51e6,154
2022-12-23 21:00,0.20,1.54,1.51e6,152
2022-12-23 22:00,0.20,1.55,1.51e6,171
2022-12-23 23:00,0.20,1.55,1.51e6,149
2022-12-24 00:00,0.20,1.55,1.51e6,151
2022-12-24 01:00,0.21,1.55,1.51e6,153
2022-12-24 02:00,0.21,1.55,1.51e6,151
2022-12-24 03:00,0.21,1.55,1.51e6,159
2022-12-24 04:00,0.21,1.55,1.51e6,214
2022-12-24 05:00,0.22,1.55,1.51e6,182
2022-12-24 06:00,0.21,1.54,1.51e6,156
2022-12-24 07:00,0.21,1.55,1.51e6,153
2022-12-24 08:00,0.21,1.55,1.51e6,155
2022-12-24 09:00,0.21,1.55,1.51e6,151
2022-12-24 10:00,0.21,1.55,1.51e6,156
2022-12-24 11:00,0.21,1.55,1.51e6,158
2022-12-24 12:00,0.21,1.55,1.51e6,157
2022-12-24 13:00,0.21,1.55,1.51e6,167
2022-12-24 14:00,0.21,1.55,1.51e6,157
2022-12-24 15:00,0.21,1.55,1.51e6,156
2022-12-24 16:00,0.21,1.55,1.51e6,193
2022-12-24 17:00,0.21,1.56,1.51e6,163
2022-12-24 18:00,0.21,1.56,1.51e6,153
2022-12-24 19:00,0.21,1.56,1.51e6,155
2022-12-24 20:00,0.21,1.56,1.51e6,172
2022-12-24 21:00,0.21,1.56,1.51e6,146
2022-12-24 22:00,0.21,1.56,1.51e6,177
2022-12-24 23:00,0.20,1.56,1.51e6,146
2022-12-25 00:00,0.21,1.56,1.51e6,146
2022-12-25 01:00,0.20,1.56,1.51e6,148
2022-12-25 02:00,0.21,1.56,1.51e6,151
2022-12-25 03:00,0.21,1.56,1.51e6,145
2022-12-25 04:00,0.21,1.56,1.51e6,147
2022-12-25 05:00,0.20,1.56,1.52e6,170
2022-12-25 06:00,0.20,1.57,1.52e6,151
2022-12-25 07:00,0.20,1.57,1.51e6,150
2022-12-25 08:00,0.20,1.57,1.51e6,155
2022-12-25 09:00,0.20,1.57,1.51e6,153
2022-12-25 10:00,0.20,1.57,1.52e6,201
2022-12-25 11:00,0.21,1.57,1.51e6,156
2022-12-25 12:00,0.21,1.57,1.51e6,159
2022-12-25 13:00,0.21,1.57,1.51e6,154
2022-12-25 14:00,0.21,1.57,1.51e6,153
2022-12-25 15:00,0.21,1.57,1.52e6,147
2022-12-25 16:00,0.20,1.57,1.51e6,161
2022-12-25 17:00,0.20,1.58,1.51e6,144
2022-12-25 18:00,0.21,1.58,1.51e6,154
2022-12-25 19:00,0.21,1.58,1.51e6,161
2022-12-25 20:00,0.21,1.58,1.51e6,159
2022-12-25 21:00,0.20,1.58,1.51e6,163
2022-12-25 22:00,0.20,1.58,1.51e6,163
2022-12-25 23:00,0.20,1.58,1.51e6,151
2022-12-26 00:00,0.20,1.58,1.51e6,151
2022-12-26 01:00,0.20,1.58,1.51e6,150
2022-12-26 02:00,0.20,1.58,1.51e6,158
2022-12-26 03:00,0.21,1.58,1.52e6,161
2022-12-26 04:00,0.20,1.58,1.51e6,158
2022-12-26 05:00,0.21,1.59,1.52e6,179
2022-12-26 06:00,0.20,1.59,1.51e6,153
2022-12-26 07:00,0.20,1.59,1.51e6,147
2022-12-26 08:00,0.20,1.59,1.51e6,151
2022-12-26 09:00,0.20,1.59,1.51e6,151
2022-12-26 10:00,0.20,1.59,1.51e6,159
2022-12-26 11:00,0.20,1.59,1.51e6,149
2022-12-26 12:00,0.21,1.59,1.51e6,173
2022-12-26 13:00,0.21,1.59,1.51e6,158
2022-12-26 14:00,0.21,1.59,1.52e6,153
2022-12-26 15:00,0.20,1.59,1.51e6,154
2022-12-26 16:00,0.20,1.59,1.51e6,150
2022-12-26 17:00,0.20,1.60,1.51e6,152
2022-12-26 18:00,0.20,1.60,1.51e6,147
2022-12-26 19:00,0.21,1.60,1.51e6,152
2022-12-26 20:00,0.21,1.60,1.51e6,162
2022-12-26 21:00,0.21,1.60,1.51e6,157
2022-12-26 22:00,0.20,1.60,1.52e6,157
2022-12-26 23:00,0.20,1.60,1.51e6,152
2022-12-27 00:00,0.20,1.60,1.51e6,148
2022-12-27 01:00,0.20,1.60,1.51e6,144
2022-12-27 02:00,0.20,1.60,1.51e6,154
2022-12-27 03:00,0.21,1.60,1.51e6,181
2022-12-27 04:00,0.21,1.60,1.51e6,149
2022-12-27 05:00,0.21,1.60,1.52e6,165
2022-12-27 06:00,0.20,1.61,1.51e6,155
2022-12-27 07:00,0.20,1.61,1.51e6,151
2022-12-27 08:00,0.20,1.61,1.52e6,157
2022-12-27 09:00,0.20,1.61,1.51e6,163
2022-12-27 10:00,0.20,1.61,1.52e6,155
2022-12-27 11:00,0.20,1.61,1.51e6,144
2022-12-27 12:00,0.21,1.61,1.52e6,148
2022-12-27 13:00,0.21,1.61,1.52e6,148
2022-12-27 14:00,0.21,1.61,1.52e6,183
2022-12-27 15:00,0.21,1.61,1.51e6,153
2022-12-27 16:00,0.21,1.61,1.51e6,152
2022-12-27 17:00,0.21,1.61,1.51e6,155
2022-12-27 18:00,0.21,1.61,1.52e6,169
2022-12-27 19:00,0.20,1.61,1.51e6,189
2022-12-27 20:00,0.20,1.61,1.54e6,164
2022-12-27 21:00,0.20,1.62,1.51e6,159
2022-12-27 22:00,0.20,1.62,1.52e6,160
2022-12-27 23:00,0.20,1.62,1.51e6,153
2022-12-28 00:00,0.20,1.62,1.51e6,153
2022-12-28 01:00,0.20,1.62,1.51e6,146
2022-12-28 02:00,0.20,1.62,1.51e6,149
2022-12-28 03:00,0.20,1.62,1.52e6,162
2022-12-28 04:00,0.21,1.62,1.52e6,148
2022-12-28 05:00,0.20,1.62,1.52e6,178
2022-12-28 06:00,0.20,1.62,1.52e6,154
2022-12-28 07:00,0.20,1.62,1.51e6,156
2022-12-28 08:00,0.20,1.62,1.52e6,154
2022-12-28 09:00,0.20,1.62,1.52e6,152
2022-12-28 10:00,0.20,1.62,1.52e6,149
2022-12-28 11:00,0.20,1.62,1.52e6,152
2022-12-28 12:00,0.21,1.62,1.51e6,172
2022-12-28 13:00,0.20,1.62,1.52e6,155
2022-12-28 14:00,0.20,1.62,1.52e6,163
2022-12-28 15:00,0.21,1.63,1.51e6,161
2022-12-28 16:00,0.21,1.63,1.51e6,154
2022-12-28 17:00,0.21,1.63,1.51e6,156
2022-12-28 18:00,0.20,1.63,1.52e6,158
2022-12-28 19:00,0.20,1.63,1.51e6,158
2022-12-28 20:00,0.21,1.63,1.51e6,154
2022-12-28 21:00,0.21,1.63,1.51e6,157
2022-12-28 22:00,0.21,1.63,1.52e6,160
2022-12-28 23:00,0.21,1.63,1.51e6,147
2022-12-29 00:00,0.21,1.63,1.51e6,167
2022-12-29 01:00,0.21,1.63,1.51e6,153
2022-12-29 02:00,0.21,1.63,1.51e6,150
2022-12-29 03:00,0.21,1.63,1.52e6,157
2022-12-29 04:00,0.21,1.63,1.52e6,152
2022-12-29 05:00,0.21,1.63,1.52e6,161
2022-12-29 06:00,0.20,1.64,1.52e6,161
2022-12-29 07:00,0.20,1.64,1.51e6,160
2022-12-29 08:00,0.20,1.64,1.52e6,159
2022-12-29 09:00,0.20,1.64,1.51e6,158
2022-12-29 10:00,0.20,1.64,1.52e6,161
2022-12-29 11:00,0.21,1.64,1.52e6,153
2022-12-29 12:00,0.21,1.64,1.51e6,156
2022-12-29 13:00,0.21,1.64,1.52e6,157
2022-12-29 14:00,0.21,1.64,1.52e6,151
2022-12-29 15:00,0.21,1.64,1.51e6,171
2022-12-29 16:00,0.21,1.64,1.52e6,154
2022-12-29 17:00,0.21,1.64,1.51e6,154
2022-12-29 18:00,0.21,1.64,1.51e6,158
2022-12-29 19:00,0.21,1.64,1.51e6,151
2022-12-29 20:00,0.20,1.64,1.51e6,152
2022-12-29 21:00,0.20,1.64,1.52e6,145
2022-12-29 22:00,0.21,1.65,1.52e6,151
2022-12-29 23:00,0.21,1.65,1.51e6,149
2022-12-30 00:00,0.21,1.65,1.52e6,151
2022-12-30 01:00,0.20,1.65,1.51e6,148
2022-12-30 02:00,0.20,1.65,1.51e6,156
2022-12-30 03:00,0.20,1.65,1.52e6,153
2022-12-30 04:00,0.20,1.65,1.52e6,153
2022-12-30 05:00,0.20,1.65,1.52e6,174
2022-12-30 06:00,0.20,1.65,1.52e6,153
2022-12-30 07:00,0.20,1.65,1.51e6,150
2022-12-30 08:00,0.20,1.65,1.52e6,157
2022-12-30 09:00,0.20,1.65,1.52e6,153
2022-12-30 10:00,0.20,1.65,1.52e6,155
2022-12-30 11:00,0.20,1.65,1.52e6,157
2022-12-30 12:00,0.20,1.65,1.52e6,159
2022-12-30 13:00,0.21,1.65,1.52e6,192
2022-12-30 14:00,0.21,1.65,1.52e6,160
2022-12-30 15:00,0.21,1.65,1.52e6,154
2022-12-30 16:00,0.21,1.65,1.52e6,155
2022-12-30 17:00,0.21,1.65,1.52e6,158
2022-12-30 18:00,0.20,1.65,1.52e6,175
2022-12-30 19:00,0.20,1.66,1.52e6,154
2022-12-30 20:00,0.20,1.66,1.52e6,147
2022-12-30 21:00,0.20,1.66,1.52e6,147
2022-12-30 22:00,0.21,1.66,1.52e6,154
2022-12-30 23:00,0.20,1.66,1.52e6,151
2022-12-31 00:00,0.20,1.66,1.52e6,156
2022-12-31 01:00,0.20,1.66,1.52e6,153
2022-12-31 02:00,0.20,1.66,1.52e6,149
2022-12-31 03:00,0.21,1.66,1.52e6,150
2022-12-31 04:00,0.21,1.66,1.52e6,152
2022-12-31 05:00,0.21,1.66,1.52e6,154
2022-12-31 06:00,0.20,1.66,1.52e6,149
2022-12-31 07:00,0.20,1.66,1.52e6,161
2022-12-31 08:00,0.20,1.66,1.52e6,157
2022-12-31 09:00,0.20,1.66,1.52e6,163
2022-12-31 10:00,0.20,1.66,1.52e6,168
2022-12-31 11:00,0.20,1.66,1.52e6,222
2022-12-31 12:00,0.20,1.67,1.52e6,174
2022-12-31 13:00,0.21,1.67,1.52e6,172
2022-12-31 14:00,0.21,1.67,1.52e6,152
2022-12-31 15:00,0.20,1.67,1.52e6,158
2022-12-31 16:00,0.21,1.67,1.52e6,161
2022-12-31 17:00,0.20,1.67,1.52e6,160
2022-12-31 18:00,0.20,1.67,1.52e6,159
2022-12-31 19:00,0.20,1.67,1.52e6,153
2022-12-31 20:00,0.20,1.67,1.52e6,154
2022-12-31 21:00,0.20,1.67,1.52e6,154
2022-12-31 22:00,0.20,1.67,1.52e6,166
2022-12-31 23:00,0.20,1.67,1.52e6,153
2023-01-01 00:00,0.21,1.67,1.52e6,163
2023-01-01 01:00,0.21,1.67,1.52e6,161
2023-01-01 02:00,0.21,1.67,1.52e6,166
2023-01-01 03:00,0.21,1.67,1.52e6,173
2023-01-01 04:00,0.21,1.67,1.52e6,154
2023-01-01 05:00,0.21,1.67,1.52e6,182
2023-01-01 06:00,0.20,1.67,1.52e6,158
2023-01-01 07:00,0.20,1.68,1.52e6,169
2023-01-01 08:00,0.20,1.68,1.52e6,157
2023-01-01 09:00,0.20,1.68,1.52e6,156
2023-01-01 10:00,0.20,1.68,1.52e6,150
2023-01-01 11:00,0.20,1.68,1.51e6,155
2023-01-01 12:00,0.20,1.68,1.52e6,177
2023-01-01 13:00,0.21,1.68,1.52e6,159
2023-01-01 14:00,0.21,1.68,1.52e6,164
2023-01-01 15:00,0.20,1.68,1.52e6,158
2023-01-01 16:00,0.20,1.68,1.52e6,162
2023-01-01 17:00,0.20,1.68,1.51e6,160
2023-01-01 18:00,0.20,1.68,1.52e6,158
2023-01-01 19:00,0.20,1.68,1.52e6,167
2023-01-01 20:00,0.20,1.68,1.52e6,174
2023-01-01 21:00,0.21,1.68,1.52e6,167
2023-01-01 22:00,0.20,1.68,1.52e6,164
2023-01-01 23:00,0.20,1.68,1.51e6,160
2023-01-02 00:00,0.20,1.68,1.51e6,151
2023-01-02 01:00,0.21,1.68,1.51e6,153
2023-01-02 02:00,0.20,1.68,1.51e6,155
2023-01-02 03:00,0.21,1.68,1.52e6,158
2023-01-02 04:00,0.21,1.68,1.52e6,155
2023-01-02 05:00,0.20,1.69,1.52e6,166
2023-01-02 06:00,0.20,1.69,1.52e6,161
2023-01-02 07:00,0.20,1.69,1.52e6,162
2023-01-02 08:00,0.20,1.69,1.52e6,150
2023-01-02 09:00,0.20,1.69,1.52e6,154
2023-01-02 10:00,0.20,1.69,1.52e6,157
2023-01-02 11:00,0.20,1.69,1.52e6,161
2023-01-02 12:00,0.21,1.69,1.52e6,149
2023-01-02 13:00,0.21,1.69,1.52e6,175
2023-01-02 14:00,0.21,1.69,1.52e6,156
2023-01-02 15:00,0.21,1.69,1.52e6,155
2023-01-02 16:00,0.21,1.69,1.52e6,155
2023-01-02 17:00,0.21,1.69,1.51e6,162
2023-01-02 18:00,0.21,1.69,1.52e6,153
2023-01-02 19:00,0.21,1.69,1.52e6,159
2023-01-02 20:00,0.20,1.69,1.52e6,155
2023-01-02 21:00,0.21,1.69,1.52e6,160
2023-01-02 22:00,0.21,1.69,1.52e6,162
2023-01-02 23:00,0.21,1.69,1.51e6,158
2023-01-03 00:00,0.21,1.69,1.51e6,164
2023-01-03 01:00,0.21,1.69,1.51e6,157
2023-01-03 02:00,0.21,1.69,1.51e6,159
2023-01-03 03:00,0.21,1.70,1.52e6,159
2023-01-03 04:00,0.21,1.70,1.52e6,164
2023-01-03 05:00,0.20,1.70,1.52e6,196
2023-01-03 06:00,0.20,1.70,1.52e6,156
2023-01-03 07:00,0.20,1.70,1.51e6,155
2023-01-03 08:00,0.20,1.70,1.52e6,160
2023-01-03 09:00,0.20,1.70,1.52e6,160
2023-01-03 10:00,0.20,1.70,1.52e6,166
2023-01-03 11:00,0.20,1.70,1.51e6,155
2023-01-03 12:00,0.21,1.70,1.52e6,161
2023-01-03 13:00,0.21,1.70,1.51e6,159
2023-01-03 14:00,0.19,1.70,1.29e6,143
2023-01-03 15:00,0.19,1.70,1.29e6,154
2023-01-03 16:00,0.19,1.70,1.29e6,127
2023-01-03 17:00,0.18,1.70,1.29e6,127
2023-01-03 18:00,0.18,1.70,1.29e6,128
2023-01-03 19:00,0.18,1.70,1.29e6,124
2023-01-03 20:00,0.18,1.70,1.29e6,127
2023-01-03 21:00,0.18,1.70,1.29e6,126
2023-01-03 22:00,0.19,1.70,1.29e6,128
2023-01-03 23:00,0.18,1.70,1.29e6,124
2023-01-04 00:00,0.18,1.71,1.29e6,124
2023-01-04 01:00,0.18,1.71,1.29e6,121
2023-01-04 02:00,0.18,1.71,1.29e6,122
2023-01-04 03:00,0.18,1.71,1.29e6,144
2023-01-04 04:00,0.18,1.71,1.29e6,123
2023-01-04 05:00,0.18,1.71,1.29e6,132
2023-01-04 06:00,0.18,1.71,1.29e6,129
2023-01-04 07:00,0.18,1.71,1.29e6,126
2023-01-04 08:00,0.18,1.71,1.29e6,129
2023-01-04 09:00,0.18,1.71,1.29e6,161
2023-01-04 10:00,0.18,1.71,1.29e6,133
2023-01-04 11:00,0.18,1.71,1.29e6,130
2023-01-04 12:00,0.19,1.71,1.29e6,124
2023-01-04 13:00,0.19,1.71,1.29e6,129
2023-01-04 14:00,0.19,1.71,1.3e6,127
2023-01-04 15:00,0.18,1.71,1.29e6,126
2023-01-04 16:00,0.18,1.71,1.29e6,130
2023-01-04 17:00,0.18,1.71,1.29e6,127
2023-01-04 18:00,0.18,1.71,1.29e6,127
2023-01-04 19:00,0.18,1.71,1.3e6,128
2023-01-04 20:00,0.18,1.71,1.29e6,130
2023-01-04 21:00,0.18,1.71,1.29e6,129
2023-01-04 22:00,0.19,1.71,1.29e6,141
2023-01-04 23:00,0.19,1.71,1.29e6,125
2023-01-05 00:00,0.19,1.71,1.29e6,165
2023-01-05 01:00,0.18,1.72,1.29e6,144
2023-01-05 02:00,0.18,1.72,1.29e6,130
2023-01-05 03:00,0.19,1.72,1.29e6,135
2023-01-05 04:00,0.19,1.72,1.29e6,126
2023-01-05 05:00,0.20,1.70,1.29e6,130
2023-01-05 06:00,0.19,1.70,1.29e6,123
2023-01-05 07:00,0.19,1.70,1.29e6,130
2023-01-05 08:00,0.18,1.70,1.29e6,131
2023-01-05 09:00,0.18,1.70,1.29e6,128
2023-01-05 10:00,0.18,1.70,1.3e6,121
2023-01-05 11:00,0.18,1.70,1.29e6,123
2023-01-05 12:00,0.18,1.70,1.3e6,124
2023-01-05 13:00,0.18,1.70,1.3e6,126
2023-01-05 14:00,0.18,1.70,1.3e6,129
2023-01-05 15:00,0.18,1.70,1.29e6,130
2023-01-05 16:00,0.18,1.70,1.29e6,123
2023-01-05 17:00,0.18,1.70,1.29e6,135
2023-01-05 18:00,0.18,1.70,1.31e6,127
2023-01-05 19:00,0.18,1.70,1.3e6,127
2023-01-05 20:00,0.18,1.70,1.3e6,132
2023-01-05 21:00,0.18,1.70,1.3e6,132
2023-01-05 22:00,0.18,1.70,1.3e6,131
2023-01-05 23:00,0.18,1.70,1.29e6,135
2023-01-06 00:00,0.18,1.70,1.29e6,169
2023-01-06 01:00,0.18,1.71,1.29e6,132
2023-01-06 02:00,0.18,1.71,1.29e6,129
2023-01-06 03:00,0.18,1.71,1.29e6,132
2023-01-06 04:00,0.18,1.71,1.29e6,131
2023-01-06 05:00,0.18,1.71,1.3e6,137
2023-01-06 06:00,0.18,1.71,1.3e6,134
2023-01-06 07:00,0.18,1.71,1.29e6,130
2023-01-06 08:00,0.18,1.71,1.29e6,127
2023-01-06 09:00,0.18,1.71,1.3e6,127
2023-01-06 10:00,0.18,1.71,1.3e6,132
2023-01-06 11:00,0.18,1.71,1.3e6,126
2023-01-06 12:00,0.18,1.71,1.3e6,136
2023-01-06 13:00,0.18,1.71,1.3e6,154
2023-01-06 14:00,0.19,1.71,1.31e6,401
2023-01-06 15:00,0.18,1.71,1.3e6,125
2023-01-06 16:00,0.19,1.72,1.3e6,178
2023-01-06 17:00,0.18,1.72,1.3e6,130
2023-01-06 18:00,0.18,1.72,1.3e6,127
2023-01-06 19:00,0.19,1.72,1.3e6,125
2023-01-06 20:00,0.19,1.72,1.3e6,128
2023-01-06 21:00,0.18,1.72,1.29e6,134
2023-01-06 22:00,0.18,1.72,1.3e6,137
2023-01-06 23:00,0.18,1.72,1.29e6,131
2023-01-07 00:00,0.18,1.72,1.29e6,146
2023-01-07 01:00,0.18,1.72,1.3e6,329
2023-01-07 02:00,0.18,1.72,1.29e6,127
2023-01-07 03:00,0.19,1.72,1.29e6,124
2023-01-07 04:00,0.18,1.72,1.29e6,127
2023-01-07 05:00,0.19,1.72,1.29e6,131
2023-01-07 06:00,0.19,1.72,1.3e6,126
2023-01-07 07:00,0.19,1.72,1.3e6,128
2023-01-07 08:00,0.19,1.72,1.3e6,131
2023-01-07 09:00,0.19,1.72,1.29e6,129
2023-01-07 10:00,0.19,1.72,1.3e6,123
2023-01-07 11:00,0.19,1.72,1.3e6,124
2023-01-07 12:00,0.19,1.72,1.3e6,136
2023-01-07 13:00,0.19,1.72,1.3e6,131
2023-01-07 14:00,0.19,1.72,1.3e6,124
2023-01-07 15:00,0.19,1.72,1.3e6,134
2023-01-07 16:00,0.19,1.72,1.3e6,123
2023-01-07 17:00,0.19,1.72,1.3e6,123
2023-01-07 18:00,0.19,1.73,1.3e6,120
2023-01-07 19:00,0.19,1.73,1.3e6,123
2023-01-07 20:00,0.19,1.73,1.29e6,148
2023-01-07 21:00,0.19,1.73,1.29e6,121
2023-01-07 22:00,0.19,1.73,1.29e6,126
2023-01-07 23:00,0.18,1.73,1.29e6,127
2023-01-08 00:00,0.18,1.73,1.29e6,144
2023-01-08 01:00,0.18,1.73,1.29e6,128
2023-01-08 02:00,0.19,1.73,1.3e6,125
2023-01-08 03:00,0.19,1.73,1.29e6,123
2023-01-08 04:00,0.19,1.73,1.3e6,124
2023-01-08 05:00,0.19,1.73,1.3e6,133
2023-01-08 06:00,0.19,1.73,1.3e6,256
2023-01-08 07:00,0.18,1.73,1.3e6,125
2023-01-08 08:00,0.19,1.73,1.3e6,137
2023-01-08 09:00,0.18,1.73,1.29e6,135
2023-01-08 10:00,0.18,1.73,1.3e6,134
2023-01-08 11:00,0.18,1.73,1.3e6,130
2023-01-08 12:00,0.19,1.73,1.3e6,134
2023-01-08 13:00,0.19,1.73,1.3e6,127
2023-01-08 14:00,0.19,1.73,1.3e6,129
2023-01-08 15:00,0.19,1.73,1.31e6,132
2023-01-08 16:00,0.19,1.73,1.3e6,130
2023-01-08 17:00,0.19,1.73,1.3e6,126
2023-01-08 18:00,0.20,1.73,1.3e6,124
2023-01-08 19:00,0.20,1.73,1.3e6,123
2023-01-08 20:00,0.20,1.73,1.3e6,127
2023-01-08 21:00,0.19,1.73,1.3e6,116
2023-01-08 22:00,0.19,1.73,1.3e6,127
2023-01-08 23:00,0.19,1.73,1.29e6,122
2023-01-09 00:00,0.19,1.73,1.3e6,125
2023-01-09 01:00,0.19,1.73,1.3e6,150
2023-01-09 02:00,0.20,1.73,1.3e6,159
2023-01-09 03:00,0.19,1.73,1.29e6,189
2023-01-09 04:00,0.19,1.73,1.29e6,138
2023-01-09 05:00,0.19,1.73,1.3e6,130
2023-01-09 06:00,0.19,1.73,1.3e6,124
2023-01-09 07:00,0.19,1.73,1.3e6,122
2023-01-09 08:00,0.19,1.73,1.3e6,123
2023-01-09 09:00,0.19,1.73,1.3e6,146
2023-01-09 10:00,0.19,1.73,1.3e6,129
2023-01-09 11:00,0.20,1.73,1.3e6,123
2023-01-09 12:00,0.20,1.73,1.3e6,126
2023-01-09 13:00,0.20,1.73,1.3e6,179
2023-01-09 14:00,0.19,1.73,1.3e6,155
2023-01-09 15:00,0.19,1.73,1.3e6,129
2023-01-09 16:00,0.19,1.73,1.3e6,126
2023-01-09 17:00,0.20,1.73,1.3e6,166
2023-01-09 18:00,0.19,1.73,1.3e6,126
2023-01-09 19:00,0.20,1.73,1.3e6,123
2023-01-09 20:00,0.19,1.74,1.3e6,122
2023-01-09 21:00,0.19,1.74,1.3e6,125
2023-01-09 22:00,0.19,1.74,1.3e6,154
2023-01-09 23:00,0.19,1.74,1.29e6,124
2023-01-10 00:00,0.19,1.74,1.29e6,123
2023-01-10 01:00,0.19,1.74,1.29e6,124
2023-01-10 02:00,0.19,1.74,1.3e6,129
2023-01-10 03:00,0.19,1.74,1.29e6,125
2023-01-10 04:00,0.19,1.74,1.29e6,128
2023-01-10 05:00,0.19,1.74,1.3e6,126
2023-01-10 06:00,0.19,1.74,1.3e6,126
2023-01-10 07:00,0.19,1.74,1.27e6,128
2023-01-10 08:00,0.19,1.74,1.3e6,127
2023-01-10 09:00,0.19,1.74,1.3e6,122
2023-01-10 10:00,0.19,1.74,1.27e6,125
2023-01-10 11:00,0.19,1.74,1.3e6,129
2023-01-10 12:00,0.19,1.74,1.3e6,125
2023-01-10 13:00,0.20,1.74,1.3e6,414
2023-01-10 14:00,0.20,1.74,1.3e6,129
2023-01-10 15:00,0.20,1.74,1.3e6,127
2023-01-10 16:00,0.19,1.74,1.3e6,126
2023-01-10 17:00,0.19,1.74,1.3e6,125
2023-01-10 18:00,0.19,1.74,1.3e6,127
2023-01-10 19:00,0.19,1.74,1.3e6,125
2023-01-10 20:00,0.19,1.74,1.3e6,140
2023-01-10 21:00,0.19,1.74,1.3e6,131
2023-01-10 22:00,0.19,1.75,1.3e6,125
2023-01-10 23:00,0.19,1.74,1.3e6,125
2023-01-11 00:00,0.19,1.75,1.3e6,125
2023-01-11 01:00,0.19,1.75,1.3e6,126
2023-01-11 02:00,0.19,1.75,1.3e6,131
2023-01-11 03:00,0.19,1.75,1.3e6,129
2023-01-11 04:00,0.19,1.75,1.3e6,124
2023-01-11 05:00,0.20,1.75,1.3e6,140
2023-01-11 06:00,0.20,1.75,1.3e6,131
2023-01-11 07:00,0.19,1.75,1.3e6,139
2023-01-11 08:00,0.19,1.75,1.3e6,132
2023-01-11 09:00,0.19,1.75,1.3e6,125
2023-01-11 10:00,0.33,1.71,282e3,136
2023-01-11 11:00,0.17,1.80,,
2023-01-11 12:00,0.18,1.81,,
2023-01-11 13:00,0.19,1.81,,
2023-01-11 14:00,0.18,1.82,,
2023-01-11 15:00,0.19,1.82,,
2023-01-11 16:00,0.22,1.82,,
2023-01-11 17:00,0.21,1.83,,
2023-01-11 18:00,0.22,1.83,,
2023-01-11 19:00,0.23,1.84,,
2023-01-11 20:00,0.28,1.85,,
2023-01-11 21:00,0.46,1.78,,
2023-01-11 22:00,0.27,1.86,,
2023-01-11 23:00,0.32,1.88,,
2023-01-12 00:00,0.40,1.93,,
2023-01-12 01:00,0.67,1.74,,
2023-01-12 02:00,0.34,2.06,,
2023-01-12 03:00,0.55,1.88,,
2023-01-12 04:00,0.35,2.30,,
2023-01-12 05:00,0.39,2.58,,
2023-01-12 06:00,0.36,2.80,,
2023-01-12 07:00,0.30,2.92,,
2023-01-12 08:00,0.28,2.96,,
2023-01-12 09:00,0.55,2.22,,
2023-01-12 10:00,0.61,1.93,,
2023-01-12 11:00,0.48,2.03,140e3,6.15e3
2023-01-12 12:00,0.43,2.68,,
2023-01-12 13:00,0.64,3.26,,
2023-01-12 14:00,0.70,3.80,,
2023-01-12 15:00,0.71,4.21,,
2023-01-12 16:00,1.47,5.30,,
2023-01-12 17:00,0.81,6.99,,
2023-01-12 18:00,0.83,7.57,,
2023-01-12 19:00,0.78,7.89,,
2023-01-12 20:00,0.85,8.21,,
2023-01-12 21:00,1.09,5.25,,
2023-01-12 22:00,0.72,2.68,,
2023-01-12 23:00,0.87,3.52,,
2023-01-13 00:00,1.01,4.75,,
2023-01-13 01:00,1.13,5.83,,
2023-01-13 02:00,1.09,7.58,,
2023-01-13 03:00,0.89,8.66,,
2023-01-13 04:00,0.75,9.36,,
2023-01-13 05:00,0.77,8.22,,
2023-01-13 06:00,0.69,6.42,,
2023-01-13 07:00,0.73,6.73,,
2023-01-13 08:00,0.72,7.10,,
2023-01-13 09:00,0.65,7.45,,
2023-01-13 10:00,0.80,5.25,,
2023-01-13 11:00,0.51,2.40,,
2023-01-13 12:00,0.52,2.82,,
2023-01-13 13:00,0.57,3.27,,
2023-01-13 14:00,0.56,3.69,,
2023-01-13 15:00,0.77,3.44,358,
2023-01-13 16:00,0.49,2.33,1.19e6,335
2023-01-13 17:00,0.51,2.69,1.31e6,259
2023-01-13 18:00,0.63,3.20,1.31e6,327
2023-01-13 19:00,0.59,3.78,1.31e6,263
2023-01-13 20:00,0.58,4.16,1.31e6,193
2023-01-13 21:00,0.58,4.66,1.31e6,315
2023-01-13 22:00,0.59,5.11,1.31e6,222
2023-01-13 23:00,0.75,4.50,1.3e6,244
2023-01-14 00:00,0.49,2.35,1.31e6,266
2023-01-14 01:00,0.47,2.73,1.31e6,341
2023-01-14 02:00,0.54,3.22,1.31e6,386
2023-01-14 03:00,0.57,3.83,1.31e6,336
2023-01-14 04:00,0.68,4.84,1.31e6,313
2023-01-14 05:00,0.79,6.68,1.31e6,309
2023-01-14 06:00,0.68,7.98,1.32e6,1.1e3
2023-01-14 07:00,0.62,8.89,1.31e6,232
2023-01-14 08:00,0.80,7.64,1.09e6,757
2023-01-14 09:00,0.56,2.72,1.31e6,438
2023-01-14 10:00,0.53,3.65,1.31e6,390
2023-01-14 11:00,0.53,4.39,1.31e6,194
2023-01-14 12:00,0.51,5.15,1.31e6,208
2023-01-14 13:00,0.51,5.89,1.31e6,236
2023-01-14 14:00,0.50,6.64,1.32e6,276
2023-01-14 15:00,0.58,7.52,920e3,306
2023-01-14 16:00,0.85,4.93,1.16e6,1.15e3
2023-01-14 17:00,0.52,3.17,1.31e6,316
2023-01-14 18:00,0.54,4.26,1.32e6,332
2023-01-14 19:00,0.60,5.37,1.31e6,250
2023-01-14 20:00,0.66,6.68,1.31e6,232
2023-01-14 21:00,0.42,7.66,1.31e6,403
2023-01-14 22:00,0.57,7.34,1.25e6,507
2023-01-14 23:00,0.38,2.36,1.32e6,264
2023-01-15 00:00,0.35,3.05,1.31e6,347
2023-01-15 01:00,0.43,3.87,1.31e6,360
2023-01-15 02:00,0.62,5.32,1.31e6,305
2023-01-15 03:00,0.62,7.28,1.31e6,348
2023-01-15 04:00,0.54,8.70,1.22e6,400
2023-01-15 05:00,0.74,4.15,1.18e6,608
2023-01-15 06:00,0.46,3.56,1.31e6,307
2023-01-15 07:00,0.52,4.54,1.32e6,247
2023-01-15 08:00,0.53,5.75,1.32e6,284
2023-01-15 09:00,0.51,6.76,1.31e6,317
2023-01-15 10:00,0.49,8.04,929e3,319
2023-01-15 11:00,0.68,4.34,1.18e6,1.46e3
2023-01-15 12:00,0.46,3.37,1.32e6,287
2023-01-15 13:00,0.57,4.95,1.32e6,311
2023-01-15 14:00,0.59,6.51,1.32e6,375
2023-01-15 15:00,0.58,7.68,1.31e6,404
2023-01-15 16:00,0.75,7.76,1.07e6,803
2023-01-15 17:00,0.46,2.58,1.32e6,277
2023-01-15 18:00,0.46,3.67,1.32e6,344
2023-01-15 19:00,0.50,4.96,1.32e6,296
2023-01-15 20:00,0.48,6.23,1.32e6,313
2023-01-15 21:00,0.48,7.59,1.13e6,384
2023-01-15 22:00,0.69,3.79,1.19e6,1.86e3
2023-01-15 23:00,0.51,3.62,1.32e6,357
2023-01-16 00:00,0.53,5.09,1.31e6,306
2023-01-16 01:00,0.53,6.41,1.31e6,342
2023-01-16 02:00,0.54,7.86,1.26e6,399
2023-01-16 03:00,0.64,3.10,1.28e6,399
2023-01-16 04:00,0.39,3.56,1.32e6,252
2023-01-16 05:00,0.67,4.70,1.31e6,274
2023-01-16 06:00,0.50,2.63,1.32e6,250
2023-01-16 07:00,0.51,4.30,1.32e6,343
2023-01-16 08:00,0.59,6.28,1.3e6,570
2023-01-16 09:00,0.63,7.68,1.32e6,440
2023-01-16 10:00,0.59,8.81,693e3,434
2023-01-16 11:00,0.76,3.43,1.41e6,2.6e3
2023-01-16 12:00,0.37,3.48,1.32e6,235
2023-01-16 13:00,0.37,4.78,1.33e6,462
2023-01-16 14:00,0.39,5.92,1.32e6,440
2023-01-16 15:00,0.36,7.20,909e3,457
2023-01-16 16:00,0.82,2.79,1.35e6,1.84e3
2023-01-16 17:00,0.31,2.55,1.32e6,247
2023-01-16 18:00,0.43,4.36,1.33e6,244
2023-01-16 19:00,0.54,6.70,1.32e6,273
2023-01-16 20:00,0.53,8.84,1.14e6,326
2023-01-16 21:00,0.47,10.45,355e3,159
2023-01-16 22:00,0.66,11.47,439e3,2.23e3
2023-01-16 23:00,0.50,2.44,1.58e6,1.76e3
2023-01-17 00:00,0.43,3.80,1.32e6,242
2023-01-17 01:00,0.68,3.23,1.32e6,273
2023-01-17 02:00,0.41,3.08,1.32e6,368
2023-01-17 03:00,0.49,4.75,1.32e6,245
2023-01-17 04:00,0.51,6.93,1.32e6,275
2023-01-17 05:00,0.57,9.07,783e3,321
2023-01-17 06:00,0.48,11.60,428e3,187
2023-01-17 07:00,0.69,11.75,435e3,5.31e3
2023-01-17 08:00,0.48,2.51,1.57e6,1.22e3
2023-01-17 09:00,0.47,4.05,1.32e6,230
2023-01-17 10:00,0.58,6.49,1.32e6,266
2023-01-17 11:00,0.90,8.63,1.32e6,375
2023-01-17 12:00,0.24,2.18,1.32e6,135
2023-01-17 13:00,0.18,2.19,1.31e6,184
2023-01-17 14:00,0.22,2.14,1.31e6,147
2023-01-17 15:00,0.20,2.11,1.3e6,128
2023-01-17 16:00,0.20,2.09,1.3e6,134
2023-01-17 17:00,0.21,2.09,1.3e6,146
2023-01-17 18:00,0.21,2.09,1.31e6,131
2023-01-17 19:00,0.20,2.09,1.3e6,150
2023-01-17 20:00,0.20,2.08,1.31e6,126
2023-01-17 21:00,0.20,2.08,1.3e6,125
2023-01-17 22:00,0.20,2.08,1.3e6,129
2023-01-17 23:00,0.20,2.07,1.3e6,129
2023-01-18 00:00,0.20,2.07,1.3e6,126
2023-01-18 01:00,0.20,2.07,1.3e6,128
2023-01-18 02:00,0.20,2.07,1.3e6,169
2023-01-18 03:00,0.20,2.07,1.3e6,130
2023-01-18 04:00,0.20,2.06,1.3e6,128
2023-01-18 05:00,0.20,2.06,1.3e6,131
2023-01-18 06:00,0.20,2.06,1.31e6,156
2023-01-18 07:00,0.20,2.06,1.3e6,128
2023-01-18 08:00,0.20,2.05,1.31e6,130
2023-01-18 09:00,0.20,2.05,1.31e6,130
2023-01-18 10:00,0.20,2.05,1.31e6,152
2023-01-18 11:00,0.21,2.05,1.31e6,132
2023-01-18 12:00,0.21,2.05,1.31e6,138
2023-01-18 13:00,0.21,2.05,1.31e6,188
2023-01-18 14:00,0.21,2.05,1.3e6,145
2023-01-18 15:00,0.21,2.05,1.31e6,132
2023-01-18 16:00,0.20,2.05,1.3e6,127
2023-01-18 17:00,0.20,2.05,1.3e6,134
2023-01-18 18:00,0.20,2.05,1.31e6,136
2023-01-18 19:00,0.20,2.05,1.31e6,130
2023-01-18 20:00,0.20,2.06,1.3e6,127
2023-01-18 21:00,0.20,2.06,1.3e6,128
2023-01-18 22:00,0.21,2.06,1.31e6,132
2023-01-18 23:00,0.20,2.06,1.3e6,135
2023-01-19 00:00,0.20,2.06,1.3e6,126
2023-01-19 01:00,0.20,2.06,1.3e6,129
2023-01-19 02:00,0.20,2.06,1.3e6,189
2023-01-19 03:00,0.20,2.06,1.3e6,132
2023-01-19 04:00,0.20,2.06,1.3e6,147
2023-01-19 05:00,0.20,2.06,1.31e6,144
2023-01-19 06:00,0.20,2.06,1.31e6,130
2023-01-19 07:00,0.20,2.06,1.31e6,148
2023-01-19 08:00,0.20,2.06,1.31e6,154
2023-01-19 09:00,0.20,2.06,1.31e6,129
2023-01-19 10:00,0.20,2.06,1.31e6,139
2023-01-19 11:00,0.20,2.06,1.31e6,148
2023-01-19 12:00,0.20,2.07,1.31e6,139
2023-01-19 13:00,0.21,2.07,1.31e6,188
2023-01-19 14:00,0.21,2.07,1.31e6,129
2023-01-19 15:00,0.21,2.07,1.31e6,145
2023-01-19 16:00,0.21,2.07,1.31e6,127
2023-01-19 17:00,0.21,2.06,1.31e6,127
2023-01-19 18:00,0.21,2.06,1.31e6,140
2023-01-19 19:00,0.21,2.06,1.31e6,132
2023-01-19 20:00,0.20,2.06,1.3e6,128
2023-01-19 21:00,0.20,2.07,1.3e6,130
2023-01-19 22:00,0.20,2.07,1.31e6,140
2023-01-19 23:00,0.21,2.07,1.3e6,128
2023-01-20 00:00,0.21,2.07,1.31e6,203
2023-01-20 01:00,0.21,2.07,1.31e6,143
2023-01-20 02:00,0.21,2.07,1.3e6,186
2023-01-20 03:00,0.21,2.07,1.3e6,138
2023-01-20 04:00,0.21,2.07,1.31e6,229
2023-01-20 05:00,0.21,2.07,1.3e6,131
2023-01-20 06:00,0.21,2.07,1.31e6,129
2023-01-20 07:00,0.20,2.07,1.3e6,131
2023-01-20 08:00,0.21,2.05,1.31e6,148
2023-01-20 09:00,0.21,2.04,1.31e6,135
2023-01-20 10:00,0.21,2.04,1.31e6,136
2023-01-20 11:00,0.21,2.04,1.31e6,130
2023-01-20 12:00,0.21,2.05,1.31e6,132
2023-01-20 13:00,0.21,2.05,631e3,181